[Licensing::Module] Trying to connect to existing licensing client channel...
Built from '6000.5/staging' branch; Version is '6000.5.7f1 (017862109af0) revision 96354'; Using compiler version '194234433'; Build Type 'Release'
[Licensing::IpcConnector] Channel LicenseClient-吳柏逸(BobWu)TWTAI doesn't exist
OS: 'Windows 11  (10.0.26200) Enterprise' Language: 'zh' Physical Memory: 16205 MB
BatchMode: 1, IsHumanControllingUs: 0, StartBugReporterOnCrash: 0, Is64bit: 1
System  architecture: x64
Process architecture: x64
Date: 2026-08-13T10:19:36Z
[Licensing::Module] Successfully launched the LicensingClient (PId: 21552)

COMMAND LINE ARGUMENTS:
C:\Program Files\Unity\Hub\Editor\6000.5.7f1\Editor\Unity.exe
-batchmode
-nographics
-quit
-projectPath
C:\projects\Unity\AegisRTS.FrameworkLab
-executeMethod
AegisRTS.Editor.InfantryPhase03Revision01ReviewBuilder.BuildAndCapture
-logFile
C:\projects\Unity\AegisRTS.FrameworkLab\docs\ArtProduction\ReviewPackages\Infantry_Phase03_Revision01_Review\Manifests\Unity_Batchmode.log
Successfully changed project path to: C:\projects\Unity\AegisRTS.FrameworkLab
C:/projects/Unity/AegisRTS.FrameworkLab
[UnityMemory] Configuration Parameters - Can be set up in boot.config
    "memorysetup-temp-allocator-size-gi-baking-worker=262144"
    "memorysetup-temp-allocator-size-gi-baking-worker=262144"
    "memorysetup-temp-allocator-size-gi-baking-worker=262144"
    "memorysetup-temp-allocator-size-gi-baking-worker=262144"
    "memorysetup-temp-allocator-size-gi-baking-worker=262144"
    "memorysetup-temp-allocator-size-nav-mesh-worker=65536"
    "memorysetup-temp-allocator-size-audio-worker=65536"
    "memorysetup-temp-allocator-size-cloud-worker=32768"
    "memorysetup-temp-allocator-size-gfx=262144"
    "memorysetup-temp-allocator-size-preload-manager=33554432"
    "memorysetup-allocator-temp-initial-block-size-main=262144"
    "memorysetup-allocator-temp-initial-block-size-worker=262144"
    "memorysetup-temp-allocator-size-job-worker=262144"
    "memorysetup-temp-allocator-size-background-worker=32768"
    "memorysetup-bucket-allocator-granularity=16"
    "memorysetup-bucket-allocator-bucket-count=8"
    "memorysetup-bucket-allocator-block-size=33554432"
    "memorysetup-bucket-allocator-block-count=8"
    "memorysetup-main-allocator-block-size=16777216"
    "memorysetup-thread-allocator-block-size=16777216"
    "memorysetup-main-allocator-mimalloc-enabled=0"
    "memorysetup-gfx-main-allocator-block-size=16777216"
    "memorysetup-gfx-thread-allocator-block-size=16777216"
    "memorysetup-cache-allocator-block-size=4194304"
    "memorysetup-typetree-allocator-block-size=2097152"
    "memorysetup-profiler-bucket-allocator-granularity=16"
    "memorysetup-profiler-bucket-allocator-bucket-count=8"
    "memorysetup-profiler-bucket-allocator-block-size=33554432"
    "memorysetup-profiler-bucket-allocator-block-count=8"
    "memorysetup-profiler-allocator-block-size=16777216"
    "memorysetup-profiler-editor-allocator-block-size=1048576"
    "memorysetup-temp-allocator-size-main=16777216"
    "memorysetup-job-temp-allocator-block-size=2097152"
    "memorysetup-job-temp-allocator-block-size-background=1048576"
    "memorysetup-job-temp-allocator-reduction-small-platforms=262144"
Logging is directed to a specific file, skipping project log.Player connection [21464]  Target information:

Player connection [21464]  * "[IP] 192.168.47.1 [Port] 55504 [Flags] 2 [Guid] 2833108946 [EditorId] 2833108946 [Version] 1048832 [Id] WindowsEditor(7,MSI) [Debug] 1 [PackageName] WindowsEditor [ProjectName] Editor" 

Player connection [21464]  * "[IP] 192.168.62.1 [Port] 55504 [Flags] 2 [Guid] 2833108946 [EditorId] 2833108946 [Version] 1048832 [Id] WindowsEditor(7,MSI) [Debug] 1 [PackageName] WindowsEditor [ProjectName] Editor" 

Player connection [21464]  * "[IP] 192.168.0.111 [Port] 55504 [Flags] 2 [Guid] 2833108946 [EditorId] 2833108946 [Version] 1048832 [Id] WindowsEditor(7,MSI) [Debug] 1 [PackageName] WindowsEditor [ProjectName] Editor" 

Player connection [21464] Host joined multi-casting on [225.0.0.222:54997]...
Player connection [21464] Host joined alternative multi-casting on [225.0.0.222:34997]...
Input System module state changed to: Initialized.
[Physics::Module] Initialized fallback backend.
[Physics::Module] Id: 0xdecafbad
[Licensing::IpcConnector] Successfully connected to: "LicenseClient-吳柏逸(BobWu)TWTAI" at "2026-08-13T10:19:36.9078643Z"
[Package Manager] Connected to IPC stream "Upm-23204" after 0.5 seconds.
[Licensing::Module] Licensing is not yet initialized.
[Licensing::Client] Code 10 while verifying Licensing Client signature (process Id: 21552, path: "C:/Program Files/Unity/Hub/Editor/6000.5.7f1/Editor/Data/Resources/Licensing/Client/Unity.Licensing.Client.exe")
[Licensing::Module] LicensingClient has failed validation; ignoring
[Licensing::Client] Handshaking with LicensingClient:
  Version:                 1.18.1+9fbee8e
  Session Id:              1cabcc684f3f42afb762e4ae031a5c51
  Correlation Id:          bef4a6bdc942216af6aeaa51b05cd5bd
  External correlation Id: 5814729559020295953
  Machine Id:              nBUfyUgu3muw1CBiGaTx0sZdKCY=
[Licensing::Module] Successfully connected to LicensingClient on channel: "LicenseClient-吳柏逸(BobWu)TWTAI" (connect: 0.85s, validation: 0.49s, handshake: 0.09s)
[Licensing::IpcConnector] Successfully connected to: "LicenseClient-吳柏逸(BobWu)TWTAI-notifications" at "2026-08-13T10:19:37.4888918Z"
[Licensing::Module] Connected to LicensingClient (PId: 21552, launch time: 0.02, total connection time: 1.44s)
[Licensing::Module] Error: Access token is unavailable; failed to update
[Licensing::Client] Successfully resolved entitlement details
[Licensing::Module] License group:
  Id: ewogICJzdWJzR3JvdXAiIDogInVuaXR5IGVkaXRvciIsCiAgIm5hbWVzcGFjZSIgOiAidW5pdHlfZWRpdG9yIiwKICAidHlwZSIgOiAiRURJVE9SIiwKICAidGFnIiA6ICJVbml0eVBlcnNvbmFsXXXX
  Product: Unity Personal Version
  Type: Assigned
  Expiration: Unlimited
[Licensing::Client] Successfully updated license, isAsync: True, time: 0.06
[Licensing::Client] Successfully resolved entitlement details
[Licensing::Module] Licensing Background thread has ended after 1.67s
[Licensing::Module] Licensing is initialized (took 0.71s).
[Licensing::Client] Successfully resolved entitlement details
Library Redirect Path: Library/
[Physics::Module] Selected backend.
[Physics::Module] Name: PhysX
[Physics::Module] Id: 0xf2b8ea05
[Physics::Module] SDK Version: 4.1.2
[Physics::Module] Integration Version: 1.0.0
[Physics::Module] Threading Mode: Multi-Threaded
Artifact Garbage Collection - Removed 2 unused hashed content files
Refreshing native plugins compatible for Editor in 2.69 ms, found 0 plugins.
Initialize engine version: 6000.5.7f1 (017862109af0)
[Subsystems] Discovering subsystems at path C:/Program Files/Unity/Hub/Editor/6000.5.7f1/Editor/Data/Resources/UnitySubsystems
[Subsystems] Discovering subsystems at path C:/projects/Unity/AegisRTS.FrameworkLab/Assets
Forcing GfxDevice: Null
GfxDevice: creating device client; kGfxThreadingModeNonThreaded
NullGfxDevice:
    Version:  NULL 1.0 [1.0]
    Renderer: Null Device
    Vendor:   Unity Technologies
Shader Hidden/ChartRasterizerHardware is not supported: GPU does not support conservative rasterization
Initialize mono
Mono path[0] = 'C:/Program Files/Unity/Hub/Editor/6000.5.7f1/Editor/Data/Managed'
Mono path[1] = 'C:/Program Files/Unity/Hub/Editor/6000.5.7f1/Editor/Data/BCLExtensions/runtime/netstandard2.1'
Mono path[2] = 'C:/Program Files/Unity/Hub/Editor/6000.5.7f1/Editor/Data/MonoBleedingEdge/lib/mono/unityjit-win32'
Mono config path = 'C:/Program Files/Unity/Hub/Editor/6000.5.7f1/Editor/Data/MonoBleedingEdge/etc'
Using monoOptions --debugger-agent=transport=dt_socket,embedding=1,server=y,suspend=n,address=127.0.0.1:56204
CodeReloadManager initialized
ImportWorker Server TCP listen port: 0
AcceleratorClientConnectionCallback - disconnected - :0
Begin MonoManager ReloadAssembly
Registering precompiled unity dll's ...
Register platform support module: C:/Program Files/Unity/Hub/Editor/6000.5.7f1/Editor/Data/PlaybackEngines/WebGLSupport/UnityEditor.WebGL.Extensions.dll
Register platform support module: C:/Program Files/Unity/Hub/Editor/6000.5.7f1/Editor/Data/PlaybackEngines/WindowsStandaloneSupport/UnityEditor.WindowsStandalone.Extensions.dll
Registered in 0.007611 seconds.
Native extension for WindowsStandalone target not found
Native extension for WebGL target not found
Package Manager log level set to [2]
ScheduleIndexationOnStartup MainProcess:False IndexOnStartup:True
Mono: successfully reloaded assembly
- Finished resetting the current domain, in  0.765 seconds
Domain Reload Profiling: 1837ms
	BeginReloadAssembly (308ms)
		CreateAndSetChildDomain (40ms)
	RebuildCommonClasses (10ms)
	RebuildNativeTypeToScriptingClass (38ms)
	initialDomainReloadingComplete (150ms)
	LoadAllAssembliesAndSetupDomain (556ms)
		LoadAssemblies (261ms)
		AnalyzeDomain (417ms)
			TypeCache.Refresh (414ms)
				TypeCache.ScanAssembly (381ms)
	FinalizeReload (774ms)
		SetupLoadedEditorAssemblies (0ms)
			InitializePlatformSupportModulesInManaged (5ms)
			BeforeProcessingInitializeOnLoad (147ms)
			ProcessInitializeOnLoadAttributes (172ms)
			ProcessInitializeOnLoadMethodAttributes (311ms)
[Licensing::Client] Successfully resolved entitlement details
Application.AssetDatabase Initial Refresh Start
[Package Manager] Restoring resolved packages state from cache
[Licensing::Client] Successfully resolved entitlement details
[Package Manager] Registered 59 packages:
  Packages from [https://packages.unity.com]:
    com.unity.ai.navigation@2.0.14 (location: C:\projects\Unity\AegisRTS.FrameworkLab\Library\PackageCache\com.unity.ai.navigation@134dd6a3b97b)
    com.unity.cloud.gltfast@6.19.0 (location: C:\projects\Unity\AegisRTS.FrameworkLab\Library\PackageCache\com.unity.cloud.gltfast@92828f845157)
    com.unity.collab-proxy@2.13.5 (location: C:\projects\Unity\AegisRTS.FrameworkLab\Library\PackageCache\com.unity.collab-proxy@120d77864ebc)
    com.unity.ide.rider@3.0.38 (location: C:\projects\Unity\AegisRTS.FrameworkLab\Library\PackageCache\com.unity.ide.rider@1f60b3138684)
    com.unity.ide.visualstudio@2.0.26 (location: C:\projects\Unity\AegisRTS.FrameworkLab\Library\PackageCache\com.unity.ide.visualstudio@a99d56dec63f)
    com.unity.inputsystem@1.20.0 (location: C:\projects\Unity\AegisRTS.FrameworkLab\Library\PackageCache\com.unity.inputsystem@7a4e1a2a8194)
    com.unity.timeline@1.8.12 (location: C:\projects\Unity\AegisRTS.FrameworkLab\Library\PackageCache\com.unity.timeline@8cd8509afae5)
    com.unity.visualscripting@1.9.12 (location: C:\projects\Unity\AegisRTS.FrameworkLab\Library\PackageCache\com.unity.visualscripting@4edfcc09512f)
    com.unity.burst@1.8.30 (location: C:\projects\Unity\AegisRTS.FrameworkLab\Library\PackageCache\com.unity.burst@2f3d916873ea)
    com.unity.searcher@4.9.4 (location: C:\projects\Unity\AegisRTS.FrameworkLab\Library\PackageCache\com.unity.searcher@d45a78918735)
    com.unity.nuget.mono-cecil@1.11.6 (location: C:\projects\Unity\AegisRTS.FrameworkLab\Library\PackageCache\com.unity.nuget.mono-cecil@ecb9724e46ff)
    com.unity.test-framework.performance@3.5.0 (location: C:\projects\Unity\AegisRTS.FrameworkLab\Library\PackageCache\com.unity.test-framework.performance@8b56083ec0f0)
  Built-in packages:
    com.unity.multiplayer.center@1.0.1 (location: C:\projects\Unity\AegisRTS.FrameworkLab\Library\PackageCache\com.unity.multiplayer.center@b860850997d0)
    com.unity.render-pipelines.universal@17.5.0 (location: C:\projects\Unity\AegisRTS.FrameworkLab\Library\PackageCache\com.unity.render-pipelines.universal@73b4c4ff130e)
    com.unity.test-framework@1.7.0 (location: C:\projects\Unity\AegisRTS.FrameworkLab\Library\PackageCache\com.unity.test-framework@1405238725ab)
    com.unity.ugui@2.5.0 (location: C:\projects\Unity\AegisRTS.FrameworkLab\Library\PackageCache\com.unity.ugui@67707a67a4ab)
    com.unity.modules.accessibility@1.0.0 (location: C:\projects\Unity\AegisRTS.FrameworkLab\Library\PackageCache\com.unity.modules.accessibility)
    com.unity.modules.adaptiveperformance@1.0.0 (location: C:\projects\Unity\AegisRTS.FrameworkLab\Library\PackageCache\com.unity.modules.adaptiveperformance)
    com.unity.modules.ai@1.0.0 (location: C:\projects\Unity\AegisRTS.FrameworkLab\Library\PackageCache\com.unity.modules.ai)
    com.unity.modules.androidjni@1.0.0 (location: C:\projects\Unity\AegisRTS.FrameworkLab\Library\PackageCache\com.unity.modules.androidjni)
    com.unity.modules.animation@1.0.0 (location: C:\projects\Unity\AegisRTS.FrameworkLab\Library\PackageCache\com.unity.modules.animation)
    com.unity.modules.assetbundle@1.0.0 (location: C:\projects\Unity\AegisRTS.FrameworkLab\Library\PackageCache\com.unity.modules.assetbundle)
    com.unity.modules.audio@1.0.0 (location: C:\projects\Unity\AegisRTS.FrameworkLab\Library\PackageCache\com.unity.modules.audio)
    com.unity.modules.cloth@1.0.0 (location: C:\projects\Unity\AegisRTS.FrameworkLab\Library\PackageCache\com.unity.modules.cloth)
    com.unity.modules.director@1.0.0 (location: C:\projects\Unity\AegisRTS.FrameworkLab\Library\PackageCache\com.unity.modules.director)
    com.unity.modules.imageconversion@1.0.0 (location: C:\projects\Unity\AegisRTS.FrameworkLab\Library\PackageCache\com.unity.modules.imageconversion)
    com.unity.modules.imgui@1.0.0 (location: C:\projects\Unity\AegisRTS.FrameworkLab\Library\PackageCache\com.unity.modules.imgui)
    com.unity.modules.jsonserialize@1.0.0 (location: C:\projects\Unity\AegisRTS.FrameworkLab\Library\PackageCache\com.unity.modules.jsonserialize)
    com.unity.modules.particlesystem@1.0.0 (location: C:\projects\Unity\AegisRTS.FrameworkLab\Library\PackageCache\com.unity.modules.particlesystem)
    com.unity.modules.physics@1.0.0 (location: C:\projects\Unity\AegisRTS.FrameworkLab\Library\PackageCache\com.unity.modules.physics)
    com.unity.modules.physics2d@1.0.0 (location: C:\projects\Unity\AegisRTS.FrameworkLab\Library\PackageCache\com.unity.modules.physics2d)
    com.unity.modules.physicscore2d@1.0.0 (location: C:\projects\Unity\AegisRTS.FrameworkLab\Library\PackageCache\com.unity.modules.physicscore2d)
    com.unity.modules.screencapture@1.0.0 (location: C:\projects\Unity\AegisRTS.FrameworkLab\Library\PackageCache\com.unity.modules.screencapture)
    com.unity.modules.terrain@1.0.0 (location: C:\projects\Unity\AegisRTS.FrameworkLab\Library\PackageCache\com.unity.modules.terrain)
    com.unity.modules.terrainphysics@1.0.0 (location: C:\projects\Unity\AegisRTS.FrameworkLab\Library\PackageCache\com.unity.modules.terrainphysics)
    com.unity.modules.tilemap@1.0.0 (location: C:\projects\Unity\AegisRTS.FrameworkLab\Library\PackageCache\com.unity.modules.tilemap)
    com.unity.modules.ui@1.0.0 (location: C:\projects\Unity\AegisRTS.FrameworkLab\Library\PackageCache\com.unity.modules.ui)
    com.unity.modules.uielements@1.0.0 (location: C:\projects\Unity\AegisRTS.FrameworkLab\Library\PackageCache\com.unity.modules.uielements)
    com.unity.modules.umbra@1.0.0 (location: C:\projects\Unity\AegisRTS.FrameworkLab\Library\PackageCache\com.unity.modules.umbra)
    com.unity.modules.unityanalytics@1.0.0 (location: C:\projects\Unity\AegisRTS.FrameworkLab\Library\PackageCache\com.unity.modules.unityanalytics)
    com.unity.modules.unitywebrequest@1.0.0 (location: C:\projects\Unity\AegisRTS.FrameworkLab\Library\PackageCache\com.unity.modules.unitywebrequest)
    com.unity.modules.unitywebrequestassetbundle@1.0.0 (location: C:\projects\Unity\AegisRTS.FrameworkLab\Library\PackageCache\com.unity.modules.unitywebrequestassetbundle)
    com.unity.modules.unitywebrequestaudio@1.0.0 (location: C:\projects\Unity\AegisRTS.FrameworkLab\Library\PackageCache\com.unity.modules.unitywebrequestaudio)
    com.unity.modules.unitywebrequesttexture@1.0.0 (location: C:\projects\Unity\AegisRTS.FrameworkLab\Library\PackageCache\com.unity.modules.unitywebrequesttexture)
    com.unity.modules.unitywebrequestwww@1.0.0 (location: C:\projects\Unity\AegisRTS.FrameworkLab\Library\PackageCache\com.unity.modules.unitywebrequestwww)
    com.unity.modules.vectorgraphics@1.0.0 (location: C:\projects\Unity\AegisRTS.FrameworkLab\Library\PackageCache\com.unity.modules.vectorgraphics)
    com.unity.modules.vehicles@1.0.0 (location: C:\projects\Unity\AegisRTS.FrameworkLab\Library\PackageCache\com.unity.modules.vehicles)
    com.unity.modules.video@1.0.0 (location: C:\projects\Unity\AegisRTS.FrameworkLab\Library\PackageCache\com.unity.modules.video)
    com.unity.modules.wind@1.0.0 (location: C:\projects\Unity\AegisRTS.FrameworkLab\Library\PackageCache\com.unity.modules.wind)
    com.unity.modules.xr@1.0.0 (location: C:\projects\Unity\AegisRTS.FrameworkLab\Library\PackageCache\com.unity.modules.xr)
    com.unity.modules.subsystems@1.0.0 (location: C:\projects\Unity\AegisRTS.FrameworkLab\Library\PackageCache\com.unity.modules.subsystems)
    com.unity.modules.hierarchycore@1.0.0 (location: C:\projects\Unity\AegisRTS.FrameworkLab\Library\PackageCache\com.unity.modules.hierarchycore)
    com.unity.ext.nunit@2.1.0 (location: C:\projects\Unity\AegisRTS.FrameworkLab\Library\PackageCache\com.unity.ext.nunit@44f7d31723bd)
    com.unity.render-pipelines.core@17.5.0 (location: C:\projects\Unity\AegisRTS.FrameworkLab\Library\PackageCache\com.unity.render-pipelines.core@645717f21c5f)
    com.unity.shadergraph@17.5.0 (location: C:\projects\Unity\AegisRTS.FrameworkLab\Library\PackageCache\com.unity.shadergraph@8d7376ec43ee)
    com.unity.render-pipelines.universal-config@17.5.0 (location: C:\projects\Unity\AegisRTS.FrameworkLab\Library\PackageCache\com.unity.render-pipelines.universal-config@fdda01c80fe3)
    com.unity.collections@6.5.0 (location: C:\projects\Unity\AegisRTS.FrameworkLab\Library\PackageCache\com.unity.collections@ec2c217e4cb2)
    com.unity.mathematics@1.4.0 (location: C:\projects\Unity\AegisRTS.FrameworkLab\Library\PackageCache\com.unity.mathematics@981956d94fb6)
  Embedded packages:
    com.boyi.aegis-rts@file:C:\projects\Unity\AegisRTS.FrameworkLab\Packages\com.boyi.aegis-rts (location: C:\projects\Unity\AegisRTS.FrameworkLab\Packages\com.boyi.aegis-rts)
[Subsystems] No new subsystems found in resolved package list.
[Package Manager] Done registering packages in 0.04 seconds
[ScriptCompilation] Requested script compilation because: AssetDatabase observed changes in script compilation related files
Starting: C:\Program Files\Unity\Hub\Editor\6000.5.7f1\Editor\Data\Tools\BuildPipeline\bee_backend.exe --ipc --defer-dag-verification --dagfile="Library/Bee/1900b0aE.dag" --continue-on-failure --profile="Library/Bee/backend1.traceevents" ScriptAssemblies
WorkingDir: C:/projects/Unity/AegisRTS.FrameworkLab
DisplayProgressbar: Compiling Scripts
ExitCode: 4 Duration: 0s774ms
[ 359/1097  0s] WriteResponseFile Library/Bee/artifacts/rsp/4747638433968585886.rsp
Rebuilding DAG because FileSignature timestamp changed: Library/Bee/1900b0aE-inputdata.json
[ 850/1097  0s] ILPP-Configuration Library/ilpp-configuration.nevergeneratedoutput
*** Tundra requires additional run (0.68 seconds), 2 items updated, 849 evaluated
Starting: C:\Program Files\Unity\Hub\Editor\6000.5.7f1\Editor\Data\netcorerun\netcorerun.exe "C:\Program Files\Unity\Hub\Editor\6000.5.7f1\Editor\Data\Tools\BuildPipeline\ScriptCompilationBuildProgram.exe" "Library/Bee/1900b0aE.dag.json" "Library/Bee/1900b0aE-inputdata.json" "Library\Bee\buildprogram0.traceevents"
WorkingDir: C:/projects/Unity/AegisRTS.FrameworkLab
ExitCode: 0 Duration: 2s274ms
Starting: C:\Program Files\Unity\Hub\Editor\6000.5.7f1\Editor\Data\Tools\BuildPipeline\bee_backend.exe --ipc --defer-dag-verification --dagfile="Library/Bee/1900b0aE.dag" --continue-on-failure --dagfilejson="Library\Bee\1900b0aE.dag.json" --profile="Library/Bee/backend2.traceevents" ScriptAssemblies
WorkingDir: C:/projects/Unity/AegisRTS.FrameworkLab
ExitCode: 0 Duration: 3s159ms
Finished compiling graph: 1101 nodes, 21602 flattened edges (17894 ToBuild, 176 ToUse), maximum node priority 1189
[ 604/1097  0s] WriteText Library/Bee/artifacts/1900b0aE.dag/AegisRTS.Editor.rsp
[ 849/1097  0s] ILPP-Configuration Library/ilpp-configuration.nevergeneratedoutput
[1093/1097  2s] Csc Library/Bee/artifacts/1900b0aE.dag/AegisRTS.Editor.dll (+2 others)
[1094/1097  0s] ILPostProcess Library/Bee/artifacts/1900b0aE.dag/post-processed/AegisRTS.Editor.dll (+pdb)
Processing assembly Library/Bee/artifacts/1900b0aE.dag/AegisRTS.Editor.dll, with 140 defines and 306 references

processors: Unity.Jobs.CodeGen.JobsILPostProcessor, zzzUnity.Burst.CodeGen.BurstILPostProcessor

running Unity.Jobs.CodeGen.JobsILPostProcessor

running zzzUnity.Burst.CodeGen.BurstILPostProcessor
[1095/1097  0s] CopyFiles Library/ScriptAssemblies/AegisRTS.Editor.pdb
[1096/1097  0s] CopyFiles Library/ScriptAssemblies/AegisRTS.Editor.dll
*** Tundra build success (3.10 seconds), 6 items updated, 1097 evaluated
AssetDatabase: script compilation time: 7.221269s
Begin MonoManager ReloadAssembly
Importing 'GUID: 75783939acda3964ea26512e95a842f5 - Path: Assets/AegisRTS/Review' with importer (DefaultImporter)
Imported 'GUID: 75783939acda3964ea26512e95a842f5' -> (Import Result ID: '05054310c7ae295cf318779953969bc4') in 0.034 seconds [static dependencies only]. Details - ImportResultOutputID=d7a2b2d0f59c2dd8dd269b456b9eb717 DependenciesID=a1602a1701fa8968112b20e8eb309d6a StaticDependenciesID=6f90b91df11e2f91af202f48b63d02c0 
Importing 'GUID: 637908c2749c5c24da99889c3b2f63d4 - Path: Assets/AegisRTS/Review/InfantryPhase03Revision01' with importer (DefaultImporter)
Imported 'GUID: 637908c2749c5c24da99889c3b2f63d4' -> (Import Result ID: 'bef822339d65ea441768ba1449775738') in 0.007 seconds [static dependencies only]. Details - ImportResultOutputID=eefde0d2215480ea3ac229716441d406 DependenciesID=f6c43d8637d6da61a3f197e84f488e1e StaticDependenciesID=218c9f3844c36509b1bb8c3b6fe4a87b 
Refreshing native plugins compatible for Editor in 7.71 ms, found 4 plugins.
Native extension for WindowsStandalone target not found
Native extension for WebGL target not found
Refreshing native plugins compatible for Editor in 2.86 ms, found 4 plugins.
ScheduleIndexationOnStartup MainProcess:True IndexOnStartup:True
Mono: successfully reloaded assembly
- Finished resetting the current domain, in  5.735 seconds
Domain Reload Profiling: 7819ms
	BeginReloadAssembly (586ms)
		DisableScriptedObjects (61ms)
		CreateAndSetChildDomain (186ms)
	RebuildCommonClasses (18ms)
	RebuildNativeTypeToScriptingClass (32ms)
	initialDomainReloadingComplete (125ms)
	LoadAllAssembliesAndSetupDomain (1322ms)
		LoadAssemblies (891ms)
		AnalyzeDomain (443ms)
			TypeCache.Refresh (317ms)
				TypeCache.ScanAssembly (294ms)
			BuildScriptInfoCaches (112ms)
			ResolveRequiredComponents (12ms)
	FinalizeReload (5737ms)
		SetupLoadedEditorAssemblies (0ms)
			InitializePlatformSupportModulesInManaged (4ms)
			BeforeProcessingInitializeOnLoad (154ms)
			ProcessInitializeOnLoadAttributes (4421ms)
			ProcessInitializeOnLoadMethodAttributes (437ms)
			AfterProcessingInitializeOnLoad (15ms)
		AwakeInstancesAfterBackupRestoration (41ms)
Importing 'GUID: 03bdb82dc9d736a448c00a47dec83022 - Path: Assets/AegisRTS/Review/InfantryPhase03Revision01/SK_Infantry_A_v004_P03R1_Review.fbx' with importer (FBXImporter)
Launched and connected shader compiler UnityShaderCompiler.exe after 0.07 seconds
Imported 'GUID: 03bdb82dc9d736a448c00a47dec83022' -> (Import Result ID: '84f9fdfe92c6dd958e2d7fe1767cc8e1') in 0.404 seconds [static and dynamic dependencies]. Details - ImportResultOutputID=8ded78a25af43902b7b836bc805e91b3 DependenciesID=2ff9634164af6db8390c402c8b5186a3 StaticDependenciesID=231ccd1fa4ce0f19b879d58b3f6dca03 
Starting new worker id: 0 with log in C:/projects/Unity/AegisRTS.FrameworkLab/Logs/AssetImportWorkerHW0.log
Refreshing native plugins compatible for Editor in 2.96 ms, found 4 plugins.

Asset Pipeline Refresh (id=3f9ef0ff52836df459847aed6e44edd2): Total: 18.681 seconds - Initiated by InitialRefreshV2(ForceSynchronousImport)
	(Values over 0.05ms)
	Summary:
		Imports: total=3 (actual=3, local cache=0, cache server=0)
		Asset DB Process Time: managed=51 ms, native=8077 ms
		Asset DB Callback time: managed=889 ms, native=67 ms
		Scripting: domain reloads=1, domain reload time=2198 ms, compile time=7223 ms, other=174 ms
		Project Asset Count: scripts=1506, non-scripts=2435
		Asset File Changes: new=4, changed=4, moved=0, deleted=0
		Scan Filter Count: 0
	InvokePackagesCallback: 50.447ms
	ApplyChangesToAssetFolders: 1.098ms
	Scan: 454.115ms
	Collect global state as custom dependencies: 44.183ms
	OnSourceAssetsModified: 3.509ms
	CategorizeScriptCompilationAssets: 160.383ms
	ProcessAssetsWithTransientArtifactChanges: 318.456ms
	CategorizeAssets: 100.146ms
	CompileScripts: 7223.019ms
	ImportOutOfDateAssets: 6420.299ms (5779.320ms without children)
		ImportManagerImport: 452.127ms (5.337ms without children)
			UpdateCategorizedAssets: 0.141ms
		UnloadImportedAssets: 1.492ms
		EnsureUptoDateAssetsAreRegisteredWithGuidPM: 1.646ms
		ImportSchedulerStart: 185.664ms
	PostProcessAllAssets: 893.938ms
		XRBuildSystem.XRAssetImported 1.607ms
		VersionControlSettings.HiddenFilePostprocess 0.492ms
		PostProcessCallbackCreateDeferredMaterials 0.140ms
		MonoPostProcessAllAssets: 883.896ms
			SyncVS.PostprocessSyncProject 368.218ms
			AssetPostprocessor.OnPostprocessAllAssets 274.892ms
			UniversalRenderPipelineGlobalSettingsPostprocessor.OnPostprocessAllAssets 88.146ms
			StyleCatalogPostProcessor.OnPostprocessAllAssets 36.446ms
			SpeedTree9Postprocessor.OnPostprocessAllAssets 13.036ms
			BuilderAssetPostprocessor.OnPostprocessAllAssets 10.965ms
			ShaderGraphAssetPostProcessor.OnPostprocessAllAssets 6.473ms
			RenderPipelineGlobalSettingsPostprocessor.OnPostprocessAllAssets 5.603ms
			AssetChangedListener.OnPostprocessAllAssets 4.972ms
			WindowAssetPostprocessingWatcher.OnPostprocessAllAssets 4.733ms
			RetainedModeAssetPostprocessor.OnPostprocessAllAssets 4.214ms
			ShaderReflectionAssetPostProcessor.OnPostprocessAllAssets 3.068ms
			EditModeScopePostprocessor.OnPostprocessAllAssets 2.921ms
			MaterialPostprocessor.OnPostprocessAllAssets 2.704ms
			InputActionAssetPostprocessor.OnPostprocessAllAssets 2.561ms
			SpeedTreePostProcessor.OnPostprocessAllAssets 1.795ms
			TextAssetPostProcessor.OnPostprocessAllAssets 1.497ms
			TMPro_TexturePostProcessor.OnPostprocessAllAssets 1.236ms
			TerrainToolbarOverlayPostProcessor.OnPostprocessAllAssets 1.142ms
			ArtifactBrowserPostProcessor.OnPostprocessAllAssets 0.988ms
			SampleDependencyImporterPostProcessor.OnPostprocessAllAssets 0.867ms
			PostProcessor.OnPostprocessAllAssets 0.676ms
			AssetEvents.OnPostprocessAllAssets 0.659ms
			InputActionJsonNameModifierAssetProcessor.OnPostprocessAllAssets 0.604ms
			SamplePostprocessor.OnPostprocessAllAssets 0.599ms
			ProjectSettingsPostprocessor.OnPostprocessAllAssets 0.544ms
			UVCSAssetPostprocessor.OnPostprocessAllAssets 0.515ms
			AudioMixerPostprocessor.OnPostprocessAllAssets 0.443ms
			ReferencedClipsPostProcessor.OnPostprocessAllAssets 0.429ms
			AssetDatabaseCallbacks.OnPostprocessAllAssets 0.369ms
			ConfigAssetsTracker.OnPostprocessAllAssets 0.210ms
			AssetReloadNotifier.OnPostprocessAllAssets 0.195ms
			ScenarioDriftAssetsTracker.OnPostprocessAllAssets 0.188ms
			AudioContainerPostProcessor.OnPostprocessAllAssets 0.105ms
	PostAssetChangesProfiler: 13.120ms
	UnloadStreamsBegin: 6.147ms
	PersistCurrentRevisions: 2.939ms
	GenerateScriptTypeHashes: 3.293ms
	GenerateScriptTypeSerializationHashes: 5.982ms
	Untracked: 2976.719ms

Application.AssetDatabase Initial Refresh End
Shader Hidden/ChartRasterizerHardware is not supported: GPU does not support conservative rasterization
Scanning for USB devices : 2.315ms
Initializing Unity extensions:
[MODES] ModeService[none].Initialize
[MODES] ModeService[none].LoadModes
[MODES] Loading mode Default (0) for mode-current-id-AegisRTS.FrameworkLab
Unloading 26 Unused Serialized files (Serialized files now loaded: 0)
Unloading 7143 unused Assets / (3.8 MB). Loaded Objects now: 8058.
Memory consumption went from 437.6 MB to 433.8 MB.
Total: 29.863800 ms (FindLiveObjects: 1.639000 ms CreateObjectMapping: 5.326500 ms MarkObjects: 12.807900 ms  DeleteObjects: 9.668900 ms)

Importing 'GUID: 03bdb82dc9d736a448c00a47dec83022 - Path: Assets/AegisRTS/Review/InfantryPhase03Revision01/SK_Infantry_A_v004_P03R1_Review.fbx' with importer (FBXImporter)
Imported 'GUID: 03bdb82dc9d736a448c00a47dec83022' -> (Import Result ID: '84f9fdfe92c6dd958e2d7fe1767cc8e1') in 0.201 seconds [static and dynamic dependencies]. Details - ImportResultOutputID=8ded78a25af43902b7b836bc805e91b3 DependenciesID=2ff9634164af6db8390c402c8b5186a3 StaticDependenciesID=231ccd1fa4ce0f19b879d58b3f6dca03 
Refreshing native plugins compatible for Editor in 3.75 ms, found 4 plugins.

Asset Pipeline Refresh (id=cacc59bd226dedb4ba4e1d3d5180c4ff): Total: 0.506 seconds - Initiated by StopAssetImportingV2(NoUpdateAssetOptions)
	(Values over 0.05ms)
	Summary:
		Imports: total=1 (actual=1, local cache=0, cache server=0)
		Asset DB Process Time: managed=20 ms, native=467 ms
		Asset DB Callback time: managed=7 ms, native=10 ms
		Scripting: domain reloads=0, domain reload time=0 ms, compile time=0 ms, other=0 ms
		Project Asset Count: scripts=1506, non-scripts=2435
		Asset File Changes: new=0, changed=0, moved=0, deleted=0
		Scan Filter Count: 5
	ApplyChangesToAssetFolders: 0.258ms
	Scan: 30.941ms
	Collect global state as custom dependencies: 1.129ms
	CategorizeScriptCompilationAssets: 0.075ms
	ProcessAssetsWithTransientArtifactChanges: 0.625ms
	CategorizeAssets: 75.945ms
	ImportOutOfDateAssets: 338.850ms (23.155ms without children)
		ImportManagerImport: 202.625ms (0.989ms without children)
			UpdateCategorizedAssets: 0.077ms
		ReloadNativeAssets: 0.064ms
		UnloadImportedAssets: 0.502ms
		EnsureUptoDateAssetsAreRegisteredWithGuidPM: 1.620ms
		ImportSchedulerStart: 110.868ms
	PostProcessAllAssets: 13.782ms
		XRBuildSystem.XRAssetImported 5.631ms
		MonoPostProcessAllAssets: 7.414ms
			AssetPostprocessor.OnPostprocessAllAssets 5.431ms
			SyncVS.PostprocessSyncProject 0.729ms
			RenderPipelineGlobalSettingsPostprocessor.OnPostprocessAllAssets 0.312ms
			AssetChangedListener.OnPostprocessAllAssets 0.178ms
			ShaderGraphAssetPostProcessor.OnPostprocessAllAssets 0.113ms
	PostAssetChangesProfiler: 4.148ms
	GatherAllCurrentPrimaryImportResultRevisions: 0.701ms
	UnloadStreamsBegin: 0.082ms
	PersistCurrentRevisions: 0.271ms
	Untracked: 15.142ms

Importing 'GUID: 03bdb82dc9d736a448c00a47dec83022 - Path: Assets/AegisRTS/Review/InfantryPhase03Revision01/SK_Infantry_A_v004_P03R1_Review.fbx' with importer (FBXImporter)
Imported 'GUID: 03bdb82dc9d736a448c00a47dec83022' -> (Import Result ID: 'd7e27854a15555f06f38a8894d0ad2ec') in 0.140 seconds [static and dynamic dependencies]. Details - ImportResultOutputID=52476460b8b378772ccb3ee5763b2c0c DependenciesID=61e314638f6860fc60ae31a4fea25e02 StaticDependenciesID=437851c71eda9312d03cf5895116d706 
Refreshing native plugins compatible for Editor in 4.87 ms, found 4 plugins.

Asset Pipeline Refresh (id=2a31524838bb46b478a76c8f1f06a1dc): Total: 0.334 seconds - Initiated by StopAssetImportingV2(NoUpdateAssetOptions)
	(Values over 0.05ms)
	Summary:
		Imports: total=1 (actual=1, local cache=0, cache server=0)
		Asset DB Process Time: managed=3 ms, native=318 ms
		Asset DB Callback time: managed=4 ms, native=7 ms
		Scripting: domain reloads=0, domain reload time=0 ms, compile time=0 ms, other=0 ms
		Project Asset Count: scripts=1506, non-scripts=2435
		Asset File Changes: new=0, changed=1, moved=0, deleted=0
		Scan Filter Count: 5
	ApplyChangesToAssetFolders: 0.212ms
	Scan: 33.716ms
	Collect global state as custom dependencies: 1.464ms
	OnSourceAssetsModified: 1.557ms
	CategorizeScriptCompilationAssets: 0.076ms
	ProcessAssetsWithTransientArtifactChanges: 0.694ms
	CategorizeAssets: 43.346ms
	ImportOutOfDateAssets: 225.997ms (15.855ms without children)
		ImportManagerImport: 142.890ms (0.821ms without children)
			UpdateCategorizedAssets: 0.074ms
		ReloadNativeAssets: 0.071ms
		UnloadImportedAssets: 0.669ms
		ReloadImportedAssets: 0.816ms
		EnsureUptoDateAssetsAreRegisteredWithGuidPM: 1.208ms
		ImportSchedulerStart: 65.286ms
	PostProcessAllAssets: 4.723ms
		XRBuildSystem.XRAssetImported 1.809ms
		MonoPostProcessAllAssets: 2.593ms
			SyncVS.PostprocessSyncProject 1.237ms
			RenderPipelineGlobalSettingsPostprocessor.OnPostprocessAllAssets 0.191ms
			AssetPostprocessor.OnPostprocessAllAssets 0.152ms
			ShaderGraphAssetPostProcessor.OnPostprocessAllAssets 0.125ms
			ShaderReflectionAssetPostProcessor.OnPostprocessAllAssets 0.069ms
	PostAssetChangesProfiler: 5.252ms
	GatherAllCurrentPrimaryImportResultRevisions: 0.409ms
	UnloadStreamsBegin: 0.177ms
	PersistCurrentRevisions: 0.753ms
	Untracked: 15.176ms

Unloading 1 Unused Serialized files (Serialized files now loaded: 0)
Unloading 576 unused Assets / (437.0 KB). Loaded Objects now: 8058.
Memory consumption went from 409.2 MB to 408.8 MB.
Total: 40.277100 ms (FindLiveObjects: 3.416500 ms CreateObjectMapping: 5.479000 ms MarkObjects: 28.854100 ms  DeleteObjects: 2.521200 ms)

Importing 'GUID: dd615c0d91932b44cbb9872e6867153e - Path: Assets/AegisRTS/Review/InfantryPhase03Revision01/MAT_P03R1_Metal.mat' with importer (NativeFormatImporter)
Imported 'GUID: dd615c0d91932b44cbb9872e6867153e' -> (Import Result ID: 'e6dbbd39b15c404b126ffe3b946808a1') in 0.003 seconds [static dependencies only]. Details - ImportResultOutputID=d0c30013c3c5681ed4abb929b0d89f92 DependenciesID=e39884cf1e24bab264f5891a91a0ffdc StaticDependenciesID=edc6169623a600c06e78ffb9c6c9ccc9 
Refreshing native plugins compatible for Editor in 3.47 ms, found 4 plugins.
Asset Pipeline Refresh (id=5807b20c032805b4991ef760559b97de): Total: 0.268 seconds - Initiated by StopAssetImportingV2(NoUpdateAssetOptions)
Importing 'GUID: 34a3cbcc4a6776d40a391fec5aaf76a4 - Path: Assets/AegisRTS/Review/InfantryPhase03Revision01/MAT_P03R1_Wood.mat' with importer (NativeFormatImporter)
Imported 'GUID: 34a3cbcc4a6776d40a391fec5aaf76a4' -> (Import Result ID: '01f55f71d11df871d4f1de288055b6c0') in 0.003 seconds [static dependencies only]. Details - ImportResultOutputID=a0edaac7a80ff73e49f47e4bbc880f29 DependenciesID=173061fd308d8b4f91bb12bf5e14631c StaticDependenciesID=7a1ab6cdadb5840878dc49c5483aa1e6 
Refreshing native plugins compatible for Editor in 5.37 ms, found 4 plugins.
Asset Pipeline Refresh (id=cd098f39eb6164f4185c6fc43a13b4ce): Total: 0.230 seconds - Initiated by StopAssetImportingV2(NoUpdateAssetOptions)
Importing 'GUID: d2743179fd946e3478b1495bc2780c77 - Path: Assets/AegisRTS/Review/InfantryPhase03Revision01/MAT_P03R1_Leather.mat' with importer (NativeFormatImporter)
Imported 'GUID: d2743179fd946e3478b1495bc2780c77' -> (Import Result ID: '7f11efc165997363302db00d75692814') in 0.001 seconds [static dependencies only]. Details - ImportResultOutputID=b4f58ff88a8c2f5f24e95014a48265a8 DependenciesID=ce29fd80d9823a2da957d548e6d587e0 StaticDependenciesID=ff6f615ed3184d13ccd9f873b46340e0 
Refreshing native plugins compatible for Editor in 2.83 ms, found 4 plugins.
Asset Pipeline Refresh (id=ad99ed9d5e268db4e8124ea8d658fb96): Total: 0.147 seconds - Initiated by StopAssetImportingV2(NoUpdateAssetOptions)
Importing 'GUID: 392bc098974827a438a169bd51e37687 - Path: Assets/AegisRTS/Review/InfantryPhase03Revision01/MAT_P03R1_Cloth.mat' with importer (NativeFormatImporter)
Imported 'GUID: 392bc098974827a438a169bd51e37687' -> (Import Result ID: 'f659a4aadc6aae7e02d65f8e03bea9e9') in 0.001 seconds [static dependencies only]. Details - ImportResultOutputID=2f1e1383b0835ace11e71d0b2c0205b0 DependenciesID=eb1e0ba191a498c10fe3eb2bd1df6f83 StaticDependenciesID=57d4bfef335af1f0d9f1c7d2dc591a8b 
Refreshing native plugins compatible for Editor in 2.97 ms, found 4 plugins.
Asset Pipeline Refresh (id=4a8356510c9677240a0c9e409834cf9e): Total: 0.126 seconds - Initiated by StopAssetImportingV2(NoUpdateAssetOptions)
Worker ready: AssetImportWorkerHW0 0
Importing 'GUID: 7e7cb69081decc5449cb710df2290991 - Path: Assets/AegisRTS/Review/InfantryPhase03Revision01/MAT_P03R1_Skin.mat' with importer (NativeFormatImporter)
Imported 'GUID: 7e7cb69081decc5449cb710df2290991' -> (Import Result ID: '7aaf25263b852423e013552354c06248') in 0.002 seconds [static dependencies only]. Details - ImportResultOutputID=38d4d36588bbc0a288f4862fa1d491ce DependenciesID=5ae38e865483c950218427c6c9083863 StaticDependenciesID=96ec15a0d396fa295c6dcc23dda50d15 
Refreshing native plugins compatible for Editor in 2.73 ms, found 4 plugins.
Asset Pipeline Refresh (id=51d3c006aaa788d4e9a19dbd3031f09f): Total: 0.131 seconds - Initiated by StopAssetImportingV2(NoUpdateAssetOptions)
Importing 'GUID: 32bcdc4e7b87ad94a96ff3e039d004ef - Path: Assets/AegisRTS/Review/InfantryPhase03Revision01/MAT_P03R1_Team.mat' with importer (NativeFormatImporter)
Imported 'GUID: 32bcdc4e7b87ad94a96ff3e039d004ef' -> (Import Result ID: '358d960fc318303457b207e8633f4498') in 0.002 seconds [static dependencies only]. Details - ImportResultOutputID=7b159908765f4e0cbd4ebd1a68b582fd DependenciesID=42cc40460957f4f720fa97c860badaa4 StaticDependenciesID=89a813337a80d4d4ea5829e4ea2b32f5 
Refreshing native plugins compatible for Editor in 3.32 ms, found 4 plugins.
Asset Pipeline Refresh (id=702e8637ab7095d40bdd98d8884b85b9): Total: 0.134 seconds - Initiated by StopAssetImportingV2(NoUpdateAssetOptions)
Importing 'GUID: 9395bceedef78ee449280ae7df75b883 - Path: Assets/AegisRTS/Review/InfantryPhase03Revision01/MAT_P03R1_Clay.mat' with importer (NativeFormatImporter)
Imported 'GUID: 9395bceedef78ee449280ae7df75b883' -> (Import Result ID: 'beee4ecf753a3c530d0d9da352ff7342') in 0.002 seconds [static dependencies only]. Details - ImportResultOutputID=d99cb54e750b3693953d19e01b4224de DependenciesID=15c6221d9e02708aa7e70b1b64c6addb StaticDependenciesID=b0f1c2f733f9da17cb1822ca907088b3 
Refreshing native plugins compatible for Editor in 4.07 ms, found 4 plugins.
Asset Pipeline Refresh (id=d072da5bcba1d2d48ac76a0ba127a9b4): Total: 0.155 seconds - Initiated by StopAssetImportingV2(NoUpdateAssetOptions)
Importing 'GUID: 8b10a307bedfeb542b9d28991cf9fa84 - Path: Assets/AegisRTS/Review/InfantryPhase03Revision01/MAT_P03R1_Ground.mat' with importer (NativeFormatImporter)
Imported 'GUID: 8b10a307bedfeb542b9d28991cf9fa84' -> (Import Result ID: 'b20b9a7d1d674ab8211f1c60eecca953') in 0.003 seconds [static dependencies only]. Details - ImportResultOutputID=7433e5ba61938296426f761a95f16faa DependenciesID=c489317dbd975ff1575edaee0564a2fd StaticDependenciesID=7351c9600244395d4dbe5cc5377ca4df 
Refreshing native plugins compatible for Editor in 3.75 ms, found 4 plugins.
Asset Pipeline Refresh (id=01dbbf6348e1dc7459603648d5ef4a99): Total: 0.151 seconds - Initiated by StopAssetImportingV2(NoUpdateAssetOptions)
Importing 'GUID: 981473a670c5c1948bb2732214b88bb7 - Path: Assets/AegisRTS/Review/InfantryPhase03Revision01/PF_Unit_Infantry_v004_P03R1_Review.prefab' with importer (PrefabImporter)
Imported 'GUID: 981473a670c5c1948bb2732214b88bb7' -> (Import Result ID: 'd9f7904cd3d72d6ff3211da79126c19a') in 0.019 seconds [static and dynamic dependencies]. Details - ImportResultOutputID=a7a77dc96b35a42f87ba6b9c2c9bbc88 DependenciesID=9927b9659bda2b741d337ff41f24f3b6 StaticDependenciesID=e257a14453e314344d8b20e4fbba26ce 
Refreshing native plugins compatible for Editor in 3.14 ms, found 4 plugins.
Asset Pipeline Refresh (id=73459ca158b2e4d4cbabbabac4ebf95a): Total: 0.165 seconds - Initiated by StopAssetImportingV2(NoUpdateAssetOptions)
Importing 'GUID: 32bcdc4e7b87ad94a96ff3e039d004ef - Path: Assets/AegisRTS/Review/InfantryPhase03Revision01/MAT_P03R1_Team.mat' with importer (NativeFormatImporter)
Imported 'GUID: 32bcdc4e7b87ad94a96ff3e039d004ef' -> (Import Result ID: '79209ac780d7db182f152db6ce3b7aa8') in 0.002 seconds [static dependencies only]. Details - ImportResultOutputID=7b159908765f4e0cbd4ebd1a68b582fd DependenciesID=6ebbbd80d45bcb06a3b2c0c2f68529d0 StaticDependenciesID=dc4a5f1dd87179fd58dbf95739e6b820 
Importing 'GUID: d2743179fd946e3478b1495bc2780c77 - Path: Assets/AegisRTS/Review/InfantryPhase03Revision01/MAT_P03R1_Leather.mat' with importer (NativeFormatImporter)
Imported 'GUID: d2743179fd946e3478b1495bc2780c77' -> (Import Result ID: 'c6b2c4b886a42a19c9e7ef3129118696') in 0.001 seconds [static dependencies only]. Details - ImportResultOutputID=b4f58ff88a8c2f5f24e95014a48265a8 DependenciesID=a4aeebbe6f838637a2e3235b5fbee07e StaticDependenciesID=c74ee87c3988dc2281c61e19fb526445 
Importing 'GUID: 9395bceedef78ee449280ae7df75b883 - Path: Assets/AegisRTS/Review/InfantryPhase03Revision01/MAT_P03R1_Clay.mat' with importer (NativeFormatImporter)
Imported 'GUID: 9395bceedef78ee449280ae7df75b883' -> (Import Result ID: '08a71102bcdcdb0d1815982b3f9d47d6') in 0.002 seconds [static dependencies only]. Details - ImportResultOutputID=d99cb54e750b3693953d19e01b4224de DependenciesID=27698675c26345702dab4a00b81dedae StaticDependenciesID=0ec998de45e91bb8aafa8808daa8bace 
Importing 'GUID: 34a3cbcc4a6776d40a391fec5aaf76a4 - Path: Assets/AegisRTS/Review/InfantryPhase03Revision01/MAT_P03R1_Wood.mat' with importer (NativeFormatImporter)
Imported 'GUID: 34a3cbcc4a6776d40a391fec5aaf76a4' -> (Import Result ID: 'a29f8baa8e636d62a2b978fbd74da799') in 0.002 seconds [static dependencies only]. Details - ImportResultOutputID=a0edaac7a80ff73e49f47e4bbc880f29 DependenciesID=9725cb215a0d3a4c7cb726d8cbd0700a StaticDependenciesID=cdca9a88d3351ff4e8b94f97d01de8e7 
Importing 'GUID: 392bc098974827a438a169bd51e37687 - Path: Assets/AegisRTS/Review/InfantryPhase03Revision01/MAT_P03R1_Cloth.mat' with importer (NativeFormatImporter)
Imported 'GUID: 392bc098974827a438a169bd51e37687' -> (Import Result ID: 'c36c60d41ea5d85680d943108765b38f') in 0.001 seconds [static dependencies only]. Details - ImportResultOutputID=2f1e1383b0835ace11e71d0b2c0205b0 DependenciesID=b55183f2f20cb4b1ffb4b374b7874efc StaticDependenciesID=bf3797948b3bf28aa7429af4156a5d38 
Importing 'GUID: 8b10a307bedfeb542b9d28991cf9fa84 - Path: Assets/AegisRTS/Review/InfantryPhase03Revision01/MAT_P03R1_Ground.mat' with importer (NativeFormatImporter)
Imported 'GUID: 8b10a307bedfeb542b9d28991cf9fa84' -> (Import Result ID: 'eb7a55b952aa8a17beae9e6c6e397cdf') in 0.002 seconds [static dependencies only]. Details - ImportResultOutputID=7433e5ba61938296426f761a95f16faa DependenciesID=f20e7c740a0657c4be2f557cee90a84b StaticDependenciesID=0c50ba391a57c83e14c2caf604268636 
Importing 'GUID: dd615c0d91932b44cbb9872e6867153e - Path: Assets/AegisRTS/Review/InfantryPhase03Revision01/MAT_P03R1_Metal.mat' with importer (NativeFormatImporter)
Imported 'GUID: dd615c0d91932b44cbb9872e6867153e' -> (Import Result ID: '39fe7040d34ca5c1d6915967a72c7185') in 0.001 seconds [static dependencies only]. Details - ImportResultOutputID=d0c30013c3c5681ed4abb929b0d89f92 DependenciesID=ab02a86076e2653b8be082a3f5fb06dc StaticDependenciesID=9136a3525e56d14641396cbdcd0280b9 
Importing 'GUID: 7e7cb69081decc5449cb710df2290991 - Path: Assets/AegisRTS/Review/InfantryPhase03Revision01/MAT_P03R1_Skin.mat' with importer (NativeFormatImporter)
Imported 'GUID: 7e7cb69081decc5449cb710df2290991' -> (Import Result ID: '623dcf231e6012201c7c7f1365a0bc60') in 0.002 seconds [static dependencies only]. Details - ImportResultOutputID=38d4d36588bbc0a288f4862fa1d491ce DependenciesID=d38cae336175042c1a6091ca6da73070 StaticDependenciesID=8457a35f7fb1a8ed1f1169b04ed0c25d 
Refreshing native plugins compatible for Editor in 2.81 ms, found 4 plugins.
Asset Pipeline Refresh (id=82c881059600b4a40832a6239a0a5dcd): Total: 0.155 seconds - Initiated by StopAssetImportingV2(NoUpdateAssetOptions)
Importing 'GUID: 782b2136e9d2a22419844e8fccd8a881 - Path: Assets/AegisRTS/Review/InfantryPhase03Revision01/SCN_Infantry_P03R1_Review.unity' with importer (DefaultImporter)
Imported 'GUID: 782b2136e9d2a22419844e8fccd8a881' -> (Import Result ID: '7d9e3fdc4fdf0cd98dfc2d951ea53665') in 0.004 seconds [static dependencies only]. Details - ImportResultOutputID=be6f7888342dfa9a4d70408cfc44e5c5 DependenciesID=2d3691516b73589f5c1cd644bc103aba StaticDependenciesID=6da94e9ff7768e61b25e4965dcc7b7b0 
Refreshing native plugins compatible for Editor in 3.97 ms, found 4 plugins.
Asset Pipeline Refresh (id=372749e029be9f6429ec9e404c710a41): Total: 0.152 seconds - Initiated by StopAssetImportingV2(NoUpdateAssetOptions)
RenderTexture.Create failed
UnityEngine.Debug:ExtractStackTraceNoAlloc (byte*,int,string)
UnityEngine.StackTraceUtility:ExtractStackTrace ()
UnityEngine.RenderTexture:Create ()
UnityEngine.Rendering.RTHandleSystem:CreateRenderTexture (int,int,UnityEngine.Experimental.Rendering.GraphicsFormat,int,UnityEngine.FilterMode,UnityEngine.TextureWrapMode,UnityEngine.TextureWrapMode,UnityEngine.TextureWrapMode,UnityEngine.Rendering.TextureDimension,bool,bool,bool,bool,int,single,UnityEngine.Rendering.MSAASamples,bool,bool,bool,UnityEngine.RenderTextureMemoryless,UnityEngine.VRTextureUsage,bool,string) (at ./Library/PackageCache/com.unity.render-pipelines.core@645717f21c5f/Runtime/Textures/RTHandleSystem.cs:909)
UnityEngine.Rendering.RTHandleSystem:Alloc (int,int,UnityEngine.Experimental.Rendering.GraphicsFormat,UnityEngine.TextureWrapMode,UnityEngine.TextureWrapMode,UnityEngine.TextureWrapMode,int,UnityEngine.FilterMode,UnityEngine.Rendering.TextureDimension,bool,bool,bool,bool,int,single,UnityEngine.Rendering.MSAASamples,bool,bool,bool,UnityEngine.RenderTextureMemoryless,UnityEngine.VRTextureUsage,string) (at ./Library/PackageCache/com.unity.render-pipelines.core@645717f21c5f/Runtime/Textures/RTHandleSystem.cs:774)
UnityEngine.Rendering.RTHandleSystem:Alloc (int,int,UnityEngine.Experimental.Rendering.GraphicsFormat,int,UnityEngine.FilterMode,UnityEngine.TextureWrapMode,UnityEngine.Rendering.TextureDimension,bool,bool,bool,bool,int,single,UnityEngine.Rendering.MSAASamples,bool,bool,bool,UnityEngine.RenderTextureMemoryless,UnityEngine.VRTextureUsage,string) (at ./Library/PackageCache/com.unity.render-pipelines.core@645717f21c5f/Runtime/Textures/RTHandleSystem.cs:638)
UnityEngine.Rendering.RTHandles:Alloc (int,int,UnityEngine.Experimental.Rendering.GraphicsFormat,int,UnityEngine.FilterMode,UnityEngine.TextureWrapMode,UnityEngine.Rendering.TextureDimension,bool,bool,bool,bool,int,single,UnityEngine.Rendering.MSAASamples,bool,bool,bool,UnityEngine.RenderTextureMemoryless,UnityEngine.VRTextureUsage,string) (at ./Library/PackageCache/com.unity.render-pipelines.core@645717f21c5f/Runtime/Textures/RTHandles.cs:169)
UnityEngine.Rendering.RenderGraphModule.RenderGraphDefaultResources:InitDefaultResourcesIfNeeded () (at ./Library/PackageCache/com.unity.render-pipelines.core@645717f21c5f/Runtime/RenderGraph/RenderGraphDefaultResources.cs:52)
UnityEngine.Rendering.RenderGraphModule.RenderGraphDefaultResources:.ctor () (at ./Library/PackageCache/com.unity.render-pipelines.core@645717f21c5f/Runtime/RenderGraph/RenderGraphDefaultResources.cs:39)
UnityEngine.Rendering.RenderGraphModule.RenderGraph:.ctor (string) (at ./Library/PackageCache/com.unity.render-pipelines.core@645717f21c5f/Runtime/RenderGraph/RenderGraph.cs:364)
UnityEngine.Rendering.Universal.UniversalRenderPipeline:.ctor (UnityEngine.Rendering.Universal.UniversalRenderPipelineAsset) (at ./Library/PackageCache/com.unity.render-pipelines.universal@73b4c4ff130e/Runtime/UniversalRenderPipeline.cs:393)
UnityEngine.Rendering.Universal.UniversalRenderPipelineAsset:CreatePipeline () (at ./Library/PackageCache/com.unity.render-pipelines.universal@73b4c4ff130e/Runtime/Data/UniversalRenderPipelineAsset.cs:802)
UnityEngine.Rendering.RenderPipelineAsset:InternalCreatePipeline ()
UnityEngine.Rendering.RenderPipelineManager:TryPrepareRenderPipeline (UnityEngine.Rendering.RenderPipelineAsset)
UnityEngine.Rendering.RenderPipelineManager:DoRenderLoop_Internal (UnityEngine.Rendering.RenderPipelineAsset,intptr,object,Unity.Collections.LowLevel.Unsafe.AtomicSafetyHandle)
UnityEngine.Camera:Render ()
AegisRTS.Editor.InfantryPhase03Revision01ReviewBuilder:Capture (UnityEngine.Camera,UnityEngine.Vector3,single,single,string) (at Assets/AegisRTS/Editor/InfantryPhase03Revision01ReviewBuilder.cs:188)
AegisRTS.Editor.InfantryPhase03Revision01ReviewBuilder:BuildAndCapture () (at Assets/AegisRTS/Editor/InfantryPhase03Revision01ReviewBuilder.cs:79)

[Assets/AegisRTS/Editor/InfantryPhase03Revision01ReviewBuilder.cs line 79]

RenderTexture.Create failed
UnityEngine.Debug:ExtractStackTraceNoAlloc (byte*,int,string)
UnityEngine.StackTraceUtility:ExtractStackTrace ()
UnityEngine.Graphics:ExecuteCommandBuffer (UnityEngine.Rendering.CommandBuffer)
UnityEngine.Rendering.RenderGraphModule.RenderGraphDefaultResources:InitDefaultResourcesIfNeeded () (at ./Library/PackageCache/com.unity.render-pipelines.core@645717f21c5f/Runtime/RenderGraph/RenderGraphDefaultResources.cs:58)
UnityEngine.Rendering.RenderGraphModule.RenderGraphDefaultResources:.ctor () (at ./Library/PackageCache/com.unity.render-pipelines.core@645717f21c5f/Runtime/RenderGraph/RenderGraphDefaultResources.cs:39)
UnityEngine.Rendering.RenderGraphModule.RenderGraph:.ctor (string) (at ./Library/PackageCache/com.unity.render-pipelines.core@645717f21c5f/Runtime/RenderGraph/RenderGraph.cs:364)
UnityEngine.Rendering.Universal.UniversalRenderPipeline:.ctor (UnityEngine.Rendering.Universal.UniversalRenderPipelineAsset) (at ./Library/PackageCache/com.unity.render-pipelines.universal@73b4c4ff130e/Runtime/UniversalRenderPipeline.cs:393)
UnityEngine.Rendering.Universal.UniversalRenderPipelineAsset:CreatePipeline () (at ./Library/PackageCache/com.unity.render-pipelines.universal@73b4c4ff130e/Runtime/Data/UniversalRenderPipelineAsset.cs:802)
UnityEngine.Rendering.RenderPipelineAsset:InternalCreatePipeline ()
UnityEngine.Rendering.RenderPipelineManager:TryPrepareRenderPipeline (UnityEngine.Rendering.RenderPipelineAsset)
UnityEngine.Rendering.RenderPipelineManager:DoRenderLoop_Internal (UnityEngine.Rendering.RenderPipelineAsset,intptr,object,Unity.Collections.LowLevel.Unsafe.AtomicSafetyHandle)
UnityEngine.Camera:Render ()
AegisRTS.Editor.InfantryPhase03Revision01ReviewBuilder:Capture (UnityEngine.Camera,UnityEngine.Vector3,single,single,string) (at Assets/AegisRTS/Editor/InfantryPhase03Revision01ReviewBuilder.cs:188)
AegisRTS.Editor.InfantryPhase03Revision01ReviewBuilder:BuildAndCapture () (at Assets/AegisRTS/Editor/InfantryPhase03Revision01ReviewBuilder.cs:79)

[Assets/AegisRTS/Editor/InfantryPhase03Revision01ReviewBuilder.cs line 79]

Failed to set the active render target, ensure that it is a valid render target.
UnityEngine.Debug:ExtractStackTraceNoAlloc (byte*,int,string)
UnityEngine.StackTraceUtility:ExtractStackTrace ()
UnityEngine.Graphics:ExecuteCommandBuffer (UnityEngine.Rendering.CommandBuffer)
UnityEngine.Rendering.RenderGraphModule.RenderGraphDefaultResources:InitDefaultResourcesIfNeeded () (at ./Library/PackageCache/com.unity.render-pipelines.core@645717f21c5f/Runtime/RenderGraph/RenderGraphDefaultResources.cs:58)
UnityEngine.Rendering.RenderGraphModule.RenderGraphDefaultResources:.ctor () (at ./Library/PackageCache/com.unity.render-pipelines.core@645717f21c5f/Runtime/RenderGraph/RenderGraphDefaultResources.cs:39)
UnityEngine.Rendering.RenderGraphModule.RenderGraph:.ctor (string) (at ./Library/PackageCache/com.unity.render-pipelines.core@645717f21c5f/Runtime/RenderGraph/RenderGraph.cs:364)
UnityEngine.Rendering.Universal.UniversalRenderPipeline:.ctor (UnityEngine.Rendering.Universal.UniversalRenderPipelineAsset) (at ./Library/PackageCache/com.unity.render-pipelines.universal@73b4c4ff130e/Runtime/UniversalRenderPipeline.cs:393)
UnityEngine.Rendering.Universal.UniversalRenderPipelineAsset:CreatePipeline () (at ./Library/PackageCache/com.unity.render-pipelines.universal@73b4c4ff130e/Runtime/Data/UniversalRenderPipelineAsset.cs:802)
UnityEngine.Rendering.RenderPipelineAsset:InternalCreatePipeline ()
UnityEngine.Rendering.RenderPipelineManager:TryPrepareRenderPipeline (UnityEngine.Rendering.RenderPipelineAsset)
UnityEngine.Rendering.RenderPipelineManager:DoRenderLoop_Internal (UnityEngine.Rendering.RenderPipelineAsset,intptr,object,Unity.Collections.LowLevel.Unsafe.AtomicSafetyHandle)
UnityEngine.Camera:Render ()
AegisRTS.Editor.InfantryPhase03Revision01ReviewBuilder:Capture (UnityEngine.Camera,UnityEngine.Vector3,single,single,string) (at Assets/AegisRTS/Editor/InfantryPhase03Revision01ReviewBuilder.cs:188)
AegisRTS.Editor.InfantryPhase03Revision01ReviewBuilder:BuildAndCapture () (at Assets/AegisRTS/Editor/InfantryPhase03Revision01ReviewBuilder.cs:79)

[Assets/AegisRTS/Editor/InfantryPhase03Revision01ReviewBuilder.cs line 79]

RenderTexture.Create failed
UnityEngine.Debug:ExtractStackTraceNoAlloc (byte*,int,string)
UnityEngine.StackTraceUtility:ExtractStackTrace ()
UnityEngine.RenderTexture:Create ()
UnityEngine.Rendering.RTHandleSystem:CreateRenderTexture (int,int,UnityEngine.Experimental.Rendering.GraphicsFormat,int,UnityEngine.FilterMode,UnityEngine.TextureWrapMode,UnityEngine.TextureWrapMode,UnityEngine.TextureWrapMode,UnityEngine.Rendering.TextureDimension,bool,bool,bool,bool,int,single,UnityEngine.Rendering.MSAASamples,bool,bool,bool,UnityEngine.RenderTextureMemoryless,UnityEngine.VRTextureUsage,bool,string) (at ./Library/PackageCache/com.unity.render-pipelines.core@645717f21c5f/Runtime/Textures/RTHandleSystem.cs:909)
UnityEngine.Rendering.RTHandleSystem:Alloc (int,int,UnityEngine.Rendering.RTHandleAllocInfo) (at ./Library/PackageCache/com.unity.render-pipelines.core@645717f21c5f/Runtime/Textures/RTHandleSystem.cs:926)
UnityEngine.Rendering.RTHandles:Alloc (int,int,UnityEngine.Rendering.RTHandleAllocInfo) (at ./Library/PackageCache/com.unity.render-pipelines.core@645717f21c5f/Runtime/Textures/RTHandles.cs:282)
UnityEngine.Rendering.RenderGraphModule.TextureResource:CreateGraphicsResource () (at ./Library/PackageCache/com.unity.render-pipelines.core@645717f21c5f/Runtime/RenderGraph/RenderGraphResourceTexture.cs:614)
UnityEngine.Rendering.RenderGraphModule.RenderGraphResource`2<UnityEngine.Rendering.RenderGraphModule.TextureDesc, UnityEngine.Rendering.RTHandle>:CreatePooledGraphicsResource (int,int) (at ./Library/PackageCache/com.unity.render-pipelines.core@645717f21c5f/Runtime/RenderGraph/RenderGraphResources.cs:270)
UnityEngine.Rendering.RenderGraphModule.RenderGraphResourceRegistry:CreatePooledResource (UnityEngine.Rendering.RenderGraphModule.InternalRenderGraphContext,int,int) (at ./Library/PackageCache/com.unity.render-pipelines.core@645717f21c5f/Runtime/RenderGraph/RenderGraphResourceRegistry.cs:1041)
UnityEngine.Rendering.RenderGraphModule.NativeRenderPassCompiler.NativePassCompiler:ExecuteInitializeResource (UnityEngine.Rendering.RenderGraphModule.InternalRenderGraphContext,UnityEngine.Rendering.RenderGraphModule.RenderGraphResourceRegistry,UnityEngine.Rendering.RenderGraphModule.NativeRenderPassCompiler.PassData&) (at ./Library/PackageCache/com.unity.render-pipelines.core@645717f21c5f/Runtime/RenderGraph/Compiler/NativePassCompiler.cs:1294)
UnityEngine.Rendering.RenderGraphModule.NativeRenderPassCompiler.NativePassCompiler:ExecuteGraph (UnityEngine.Rendering.RenderGraphModule.InternalRenderGraphContext,UnityEngine.Rendering.RenderGraphModule.RenderGraphResourceRegistry,System.Collections.Generic.List`1<UnityEngine.Rendering.RenderGraphModule.RenderGraphPass>&) (at ./Library/PackageCache/com.unity.render-pipelines.core@645717f21c5f/Runtime/RenderGraph/Compiler/NativePassCompiler.cs:2074)
UnityEngine.Rendering.RenderGraphModule.RenderGraph:ExecuteNativeRenderGraph () (at ./Library/PackageCache/com.unity.render-pipelines.core@645717f21c5f/Runtime/RenderGraph/RenderGraph.Compiler.cs:40)
UnityEngine.Rendering.RenderGraphModule.RenderGraph:Execute () (at ./Library/PackageCache/com.unity.render-pipelines.core@645717f21c5f/Runtime/RenderGraph/RenderGraph.cs:1333)
UnityEngine.Rendering.RenderGraphModule.RenderGraph:EndRecordingAndExecute () (at ./Library/PackageCache/com.unity.render-pipelines.core@645717f21c5f/Runtime/RenderGraph/RenderGraph.cs:1262)
UnityEngine.Rendering.Universal.UniversalRenderPipeline:RecordAndExecuteRenderGraph (UnityEngine.Rendering.RenderGraphModule.RenderGraph,UnityEngine.Rendering.ScriptableRenderContext,UnityEngine.Rendering.Universal.ScriptableRenderer,UnityEngine.Rendering.CommandBuffer,UnityEngine.Camera) (at ./Library/PackageCache/com.unity.render-pipelines.universal@73b4c4ff130e/Runtime/UniversalRenderPipelineRenderGraph.cs:28)
UnityEngine.Rendering.Universal.UniversalRenderPipeline:RenderSingleCamera (UnityEngine.Rendering.ScriptableRenderContext,UnityEngine.Rendering.Universal.UniversalCameraData) (at ./Library/PackageCache/com.unity.render-pipelines.universal@73b4c4ff130e/Runtime/UniversalRenderPipeline.cs:1003)
UnityEngine.Rendering.Universal.UniversalRenderPipeline:RenderCameraStack (UnityEngine.Rendering.ScriptableRenderContext,UnityEngine.Camera,bool) (at ./Library/PackageCache/com.unity.render-pipelines.universal@73b4c4ff130e/Runtime/UniversalRenderPipeline.cs:1207)
UnityEngine.Rendering.Universal.UniversalRenderPipeline:Render (UnityEngine.Rendering.ScriptableRenderContext,System.Collections.Generic.List`1<UnityEngine.Camera>) (at ./Library/PackageCache/com.unity.render-pipelines.universal@73b4c4ff130e/Runtime/UniversalRenderPipeline.cs:611)
UnityEngine.Rendering.RenderPipeline:InternalRender (UnityEngine.Rendering.ScriptableRenderContext,System.Collections.Generic.List`1<UnityEngine.Camera>)
UnityEngine.Rendering.RenderPipelineManager:DoRenderLoop_Internal (UnityEngine.Rendering.RenderPipelineAsset,intptr,object,Unity.Collections.LowLevel.Unsafe.AtomicSafetyHandle)
UnityEngine.Camera:Render ()
AegisRTS.Editor.InfantryPhase03Revision01ReviewBuilder:Capture (UnityEngine.Camera,UnityEngine.Vector3,single,single,string) (at Assets/AegisRTS/Editor/InfantryPhase03Revision01ReviewBuilder.cs:188)
AegisRTS.Editor.InfantryPhase03Revision01ReviewBuilder:BuildAndCapture () (at Assets/AegisRTS/Editor/InfantryPhase03Revision01ReviewBuilder.cs:79)

[Assets/AegisRTS/Editor/InfantryPhase03Revision01ReviewBuilder.cs line 79]

RenderTexture.Create failed
UnityEngine.Debug:ExtractStackTraceNoAlloc (byte*,int,string)
UnityEngine.StackTraceUtility:ExtractStackTrace ()
UnityEngine.RenderTexture:Create ()
UnityEngine.Rendering.RTHandleSystem:CreateRenderTexture (int,int,UnityEngine.Experimental.Rendering.GraphicsFormat,int,UnityEngine.FilterMode,UnityEngine.TextureWrapMode,UnityEngine.TextureWrapMode,UnityEngine.TextureWrapMode,UnityEngine.Rendering.TextureDimension,bool,bool,bool,bool,int,single,UnityEngine.Rendering.MSAASamples,bool,bool,bool,UnityEngine.RenderTextureMemoryless,UnityEngine.VRTextureUsage,bool,string) (at ./Library/PackageCache/com.unity.render-pipelines.core@645717f21c5f/Runtime/Textures/RTHandleSystem.cs:909)
UnityEngine.Rendering.RTHandleSystem:Alloc (int,int,UnityEngine.Rendering.RTHandleAllocInfo) (at ./Library/PackageCache/com.unity.render-pipelines.core@645717f21c5f/Runtime/Textures/RTHandleSystem.cs:926)
UnityEngine.Rendering.RTHandles:Alloc (int,int,UnityEngine.Rendering.RTHandleAllocInfo) (at ./Library/PackageCache/com.unity.render-pipelines.core@645717f21c5f/Runtime/Textures/RTHandles.cs:282)
UnityEngine.Rendering.RenderGraphModule.TextureResource:CreateGraphicsResource () (at ./Library/PackageCache/com.unity.render-pipelines.core@645717f21c5f/Runtime/RenderGraph/RenderGraphResourceTexture.cs:614)
UnityEngine.Rendering.RenderGraphModule.RenderGraphResource`2<UnityEngine.Rendering.RenderGraphModule.TextureDesc, UnityEngine.Rendering.RTHandle>:CreatePooledGraphicsResource (int,int) (at ./Library/PackageCache/com.unity.render-pipelines.core@645717f21c5f/Runtime/RenderGraph/RenderGraphResources.cs:270)
UnityEngine.Rendering.RenderGraphModule.RenderGraphResourceRegistry:CreatePooledResource (UnityEngine.Rendering.RenderGraphModule.InternalRenderGraphContext,int,int) (at ./Library/PackageCache/com.unity.render-pipelines.core@645717f21c5f/Runtime/RenderGraph/RenderGraphResourceRegistry.cs:1041)
UnityEngine.Rendering.RenderGraphModule.NativeRenderPassCompiler.NativePassCompiler:ExecuteInitializeResource (UnityEngine.Rendering.RenderGraphModule.InternalRenderGraphContext,UnityEngine.Rendering.RenderGraphModule.RenderGraphResourceRegistry,UnityEngine.Rendering.RenderGraphModule.NativeRenderPassCompiler.PassData&) (at ./Library/PackageCache/com.unity.render-pipelines.core@645717f21c5f/Runtime/RenderGraph/Compiler/NativePassCompiler.cs:1294)
UnityEngine.Rendering.RenderGraphModule.NativeRenderPassCompiler.NativePassCompiler:ExecuteGraph (UnityEngine.Rendering.RenderGraphModule.InternalRenderGraphContext,UnityEngine.Rendering.RenderGraphModule.RenderGraphResourceRegistry,System.Collections.Generic.List`1<UnityEngine.Rendering.RenderGraphModule.RenderGraphPass>&) (at ./Library/PackageCache/com.unity.render-pipelines.core@645717f21c5f/Runtime/RenderGraph/Compiler/NativePassCompiler.cs:2074)
UnityEngine.Rendering.RenderGraphModule.RenderGraph:ExecuteNativeRenderGraph () (at ./Library/PackageCache/com.unity.render-pipelines.core@645717f21c5f/Runtime/RenderGraph/RenderGraph.Compiler.cs:40)
UnityEngine.Rendering.RenderGraphModule.RenderGraph:Execute () (at ./Library/PackageCache/com.unity.render-pipelines.core@645717f21c5f/Runtime/RenderGraph/RenderGraph.cs:1333)
UnityEngine.Rendering.RenderGraphModule.RenderGraph:EndRecordingAndExecute () (at ./Library/PackageCache/com.unity.render-pipelines.core@645717f21c5f/Runtime/RenderGraph/RenderGraph.cs:1262)
UnityEngine.Rendering.Universal.UniversalRenderPipeline:RecordAndExecuteRenderGraph (UnityEngine.Rendering.RenderGraphModule.RenderGraph,UnityEngine.Rendering.ScriptableRenderContext,UnityEngine.Rendering.Universal.ScriptableRenderer,UnityEngine.Rendering.CommandBuffer,UnityEngine.Camera) (at ./Library/PackageCache/com.unity.render-pipelines.universal@73b4c4ff130e/Runtime/UniversalRenderPipelineRenderGraph.cs:28)
UnityEngine.Rendering.Universal.UniversalRenderPipeline:RenderSingleCamera (UnityEngine.Rendering.ScriptableRenderContext,UnityEngine.Rendering.Universal.UniversalCameraData) (at ./Library/PackageCache/com.unity.render-pipelines.universal@73b4c4ff130e/Runtime/UniversalRenderPipeline.cs:1003)
UnityEngine.Rendering.Universal.UniversalRenderPipeline:RenderCameraStack (UnityEngine.Rendering.ScriptableRenderContext,UnityEngine.Camera,bool) (at ./Library/PackageCache/com.unity.render-pipelines.universal@73b4c4ff130e/Runtime/UniversalRenderPipeline.cs:1207)
UnityEngine.Rendering.Universal.UniversalRenderPipeline:Render (UnityEngine.Rendering.ScriptableRenderContext,System.Collections.Generic.List`1<UnityEngine.Camera>) (at ./Library/PackageCache/com.unity.render-pipelines.universal@73b4c4ff130e/Runtime/UniversalRenderPipeline.cs:611)
UnityEngine.Rendering.RenderPipeline:InternalRender (UnityEngine.Rendering.ScriptableRenderContext,System.Collections.Generic.List`1<UnityEngine.Camera>)
UnityEngine.Rendering.RenderPipelineManager:DoRenderLoop_Internal (UnityEngine.Rendering.RenderPipelineAsset,intptr,object,Unity.Collections.LowLevel.Unsafe.AtomicSafetyHandle)
UnityEngine.Camera:Render ()
AegisRTS.Editor.InfantryPhase03Revision01ReviewBuilder:Capture (UnityEngine.Camera,UnityEngine.Vector3,single,single,string) (at Assets/AegisRTS/Editor/InfantryPhase03Revision01ReviewBuilder.cs:188)
AegisRTS.Editor.InfantryPhase03Revision01ReviewBuilder:BuildAndCapture () (at Assets/AegisRTS/Editor/InfantryPhase03Revision01ReviewBuilder.cs:79)

[Assets/AegisRTS/Editor/InfantryPhase03Revision01ReviewBuilder.cs line 79]

SetConstantBuffer: The current renderer does not support constant buffers. This call will have no effect.
UnityEngine.Debug:ExtractStackTraceNoAlloc (byte*,int,string)
UnityEngine.StackTraceUtility:ExtractStackTrace ()
UnityEngine.Rendering.ScriptableRenderContext:Submit ()
UnityEngine.Rendering.Universal.UniversalRenderPipeline:RenderSingleCamera (UnityEngine.Rendering.ScriptableRenderContext,UnityEngine.Rendering.Universal.UniversalCameraData) (at ./Library/PackageCache/com.unity.render-pipelines.universal@73b4c4ff130e/Runtime/UniversalRenderPipeline.cs:1012)
UnityEngine.Rendering.Universal.UniversalRenderPipeline:RenderCameraStack (UnityEngine.Rendering.ScriptableRenderContext,UnityEngine.Camera,bool) (at ./Library/PackageCache/com.unity.render-pipelines.universal@73b4c4ff130e/Runtime/UniversalRenderPipeline.cs:1207)
UnityEngine.Rendering.Universal.UniversalRenderPipeline:Render (UnityEngine.Rendering.ScriptableRenderContext,System.Collections.Generic.List`1<UnityEngine.Camera>) (at ./Library/PackageCache/com.unity.render-pipelines.universal@73b4c4ff130e/Runtime/UniversalRenderPipeline.cs:611)
UnityEngine.Rendering.RenderPipeline:InternalRender (UnityEngine.Rendering.ScriptableRenderContext,System.Collections.Generic.List`1<UnityEngine.Camera>)
UnityEngine.Rendering.RenderPipelineManager:DoRenderLoop_Internal (UnityEngine.Rendering.RenderPipelineAsset,intptr,object,Unity.Collections.LowLevel.Unsafe.AtomicSafetyHandle)
UnityEngine.Camera:Render ()
AegisRTS.Editor.InfantryPhase03Revision01ReviewBuilder:Capture (UnityEngine.Camera,UnityEngine.Vector3,single,single,string) (at Assets/AegisRTS/Editor/InfantryPhase03Revision01ReviewBuilder.cs:188)
AegisRTS.Editor.InfantryPhase03Revision01ReviewBuilder:BuildAndCapture () (at Assets/AegisRTS/Editor/InfantryPhase03Revision01ReviewBuilder.cs:79)

[Assets/AegisRTS/Editor/InfantryPhase03Revision01ReviewBuilder.cs line 79]

SetConstantBuffer: The current renderer does not support constant buffers. This call will have no effect.
UnityEngine.Debug:ExtractStackTraceNoAlloc (byte*,int,string)
UnityEngine.StackTraceUtility:ExtractStackTrace ()
UnityEngine.Rendering.ScriptableRenderContext:Submit ()
UnityEngine.Rendering.Universal.UniversalRenderPipeline:RenderSingleCamera (UnityEngine.Rendering.ScriptableRenderContext,UnityEngine.Rendering.Universal.UniversalCameraData) (at ./Library/PackageCache/com.unity.render-pipelines.universal@73b4c4ff130e/Runtime/UniversalRenderPipeline.cs:1012)
UnityEngine.Rendering.Universal.UniversalRenderPipeline:RenderCameraStack (UnityEngine.Rendering.ScriptableRenderContext,UnityEngine.Camera,bool) (at ./Library/PackageCache/com.unity.render-pipelines.universal@73b4c4ff130e/Runtime/UniversalRenderPipeline.cs:1207)
UnityEngine.Rendering.Universal.UniversalRenderPipeline:Render (UnityEngine.Rendering.ScriptableRenderContext,System.Collections.Generic.List`1<UnityEngine.Camera>) (at ./Library/PackageCache/com.unity.render-pipelines.universal@73b4c4ff130e/Runtime/UniversalRenderPipeline.cs:611)
UnityEngine.Rendering.RenderPipeline:InternalRender (UnityEngine.Rendering.ScriptableRenderContext,System.Collections.Generic.List`1<UnityEngine.Camera>)
UnityEngine.Rendering.RenderPipelineManager:DoRenderLoop_Internal (UnityEngine.Rendering.RenderPipelineAsset,intptr,object,Unity.Collections.LowLevel.Unsafe.AtomicSafetyHandle)
UnityEngine.Camera:Render ()
AegisRTS.Editor.InfantryPhase03Revision01ReviewBuilder:Capture (UnityEngine.Camera,UnityEngine.Vector3,single,single,string) (at Assets/AegisRTS/Editor/InfantryPhase03Revision01ReviewBuilder.cs:188)
AegisRTS.Editor.InfantryPhase03Revision01ReviewBuilder:BuildAndCapture () (at Assets/AegisRTS/Editor/InfantryPhase03Revision01ReviewBuilder.cs:79)

[Assets/AegisRTS/Editor/InfantryPhase03Revision01ReviewBuilder.cs line 79]

RenderTexture.Create failed
UnityEngine.Debug:ExtractStackTraceNoAlloc (byte*,int,string)
UnityEngine.StackTraceUtility:ExtractStackTrace ()
UnityEngine.Rendering.ScriptableRenderContext:Submit ()
UnityEngine.Rendering.Universal.UniversalRenderPipeline:RenderSingleCamera (UnityEngine.Rendering.ScriptableRenderContext,UnityEngine.Rendering.Universal.UniversalCameraData) (at ./Library/PackageCache/com.unity.render-pipelines.universal@73b4c4ff130e/Runtime/UniversalRenderPipeline.cs:1012)
UnityEngine.Rendering.Universal.UniversalRenderPipeline:RenderCameraStack (UnityEngine.Rendering.ScriptableRenderContext,UnityEngine.Camera,bool) (at ./Library/PackageCache/com.unity.render-pipelines.universal@73b4c4ff130e/Runtime/UniversalRenderPipeline.cs:1207)
UnityEngine.Rendering.Universal.UniversalRenderPipeline:Render (UnityEngine.Rendering.ScriptableRenderContext,System.Collections.Generic.List`1<UnityEngine.Camera>) (at ./Library/PackageCache/com.unity.render-pipelines.universal@73b4c4ff130e/Runtime/UniversalRenderPipeline.cs:611)
UnityEngine.Rendering.RenderPipeline:InternalRender (UnityEngine.Rendering.ScriptableRenderContext,System.Collections.Generic.List`1<UnityEngine.Camera>)
UnityEngine.Rendering.RenderPipelineManager:DoRenderLoop_Internal (UnityEngine.Rendering.RenderPipelineAsset,intptr,object,Unity.Collections.LowLevel.Unsafe.AtomicSafetyHandle)
UnityEngine.Camera:Render ()
AegisRTS.Editor.InfantryPhase03Revision01ReviewBuilder:Capture (UnityEngine.Camera,UnityEngine.Vector3,single,single,string) (at Assets/AegisRTS/Editor/InfantryPhase03Revision01ReviewBuilder.cs:188)
AegisRTS.Editor.InfantryPhase03Revision01ReviewBuilder:BuildAndCapture () (at Assets/AegisRTS/Editor/InfantryPhase03Revision01ReviewBuilder.cs:79)

[Assets/AegisRTS/Editor/InfantryPhase03Revision01ReviewBuilder.cs line 79]

RenderTexture.Create failed
UnityEngine.Debug:ExtractStackTraceNoAlloc (byte*,int,string)
UnityEngine.StackTraceUtility:ExtractStackTrace ()
UnityEngine.Rendering.ScriptableRenderContext:Submit ()
UnityEngine.Rendering.Universal.UniversalRenderPipeline:RenderSingleCamera (UnityEngine.Rendering.ScriptableRenderContext,UnityEngine.Rendering.Universal.UniversalCameraData) (at ./Library/PackageCache/com.unity.render-pipelines.universal@73b4c4ff130e/Runtime/UniversalRenderPipeline.cs:1012)
UnityEngine.Rendering.Universal.UniversalRenderPipeline:RenderCameraStack (UnityEngine.Rendering.ScriptableRenderContext,UnityEngine.Camera,bool) (at ./Library/PackageCache/com.unity.render-pipelines.universal@73b4c4ff130e/Runtime/UniversalRenderPipeline.cs:1207)
UnityEngine.Rendering.Universal.UniversalRenderPipeline:Render (UnityEngine.Rendering.ScriptableRenderContext,System.Collections.Generic.List`1<UnityEngine.Camera>) (at ./Library/PackageCache/com.unity.render-pipelines.universal@73b4c4ff130e/Runtime/UniversalRenderPipeline.cs:611)
UnityEngine.Rendering.RenderPipeline:InternalRender (UnityEngine.Rendering.ScriptableRenderContext,System.Collections.Generic.List`1<UnityEngine.Camera>)
UnityEngine.Rendering.RenderPipelineManager:DoRenderLoop_Internal (UnityEngine.Rendering.RenderPipelineAsset,intptr,object,Unity.Collections.LowLevel.Unsafe.AtomicSafetyHandle)
UnityEngine.Camera:Render ()
AegisRTS.Editor.InfantryPhase03Revision01ReviewBuilder:Capture (UnityEngine.Camera,UnityEngine.Vector3,single,single,string) (at Assets/AegisRTS/Editor/InfantryPhase03Revision01ReviewBuilder.cs:188)
AegisRTS.Editor.InfantryPhase03Revision01ReviewBuilder:BuildAndCapture () (at Assets/AegisRTS/Editor/InfantryPhase03Revision01ReviewBuilder.cs:79)

[Assets/AegisRTS/Editor/InfantryPhase03Revision01ReviewBuilder.cs line 79]

RenderTexture.Create failed
UnityEngine.Debug:ExtractStackTraceNoAlloc (byte*,int,string)
UnityEngine.StackTraceUtility:ExtractStackTrace ()
UnityEngine.Rendering.ScriptableRenderContext:Submit ()
UnityEngine.Rendering.Universal.UniversalRenderPipeline:RenderSingleCamera (UnityEngine.Rendering.ScriptableRenderContext,UnityEngine.Rendering.Universal.UniversalCameraData) (at ./Library/PackageCache/com.unity.render-pipelines.universal@73b4c4ff130e/Runtime/UniversalRenderPipeline.cs:1012)
UnityEngine.Rendering.Universal.UniversalRenderPipeline:RenderCameraStack (UnityEngine.Rendering.ScriptableRenderContext,UnityEngine.Camera,bool) (at ./Library/PackageCache/com.unity.render-pipelines.universal@73b4c4ff130e/Runtime/UniversalRenderPipeline.cs:1207)
UnityEngine.Rendering.Universal.UniversalRenderPipeline:Render (UnityEngine.Rendering.ScriptableRenderContext,System.Collections.Generic.List`1<UnityEngine.Camera>) (at ./Library/PackageCache/com.unity.render-pipelines.universal@73b4c4ff130e/Runtime/UniversalRenderPipeline.cs:611)
UnityEngine.Rendering.RenderPipeline:InternalRender (UnityEngine.Rendering.ScriptableRenderContext,System.Collections.Generic.List`1<UnityEngine.Camera>)
UnityEngine.Rendering.RenderPipelineManager:DoRenderLoop_Internal (UnityEngine.Rendering.RenderPipelineAsset,intptr,object,Unity.Collections.LowLevel.Unsafe.AtomicSafetyHandle)
UnityEngine.Camera:Render ()
AegisRTS.Editor.InfantryPhase03Revision01ReviewBuilder:Capture (UnityEngine.Camera,UnityEngine.Vector3,single,single,string) (at Assets/AegisRTS/Editor/InfantryPhase03Revision01ReviewBuilder.cs:188)
AegisRTS.Editor.InfantryPhase03Revision01ReviewBuilder:BuildAndCapture () (at Assets/AegisRTS/Editor/InfantryPhase03Revision01ReviewBuilder.cs:79)

[Assets/AegisRTS/Editor/InfantryPhase03Revision01ReviewBuilder.cs line 79]

DrawDepthNormalPrepass: Unable to find surface for attachment 0
UnityEngine.Debug:ExtractStackTraceNoAlloc (byte*,int,string)
UnityEngine.StackTraceUtility:ExtractStackTrace ()
UnityEngine.Rendering.ScriptableRenderContext:Submit ()
UnityEngine.Rendering.Universal.UniversalRenderPipeline:RenderSingleCamera (UnityEngine.Rendering.ScriptableRenderContext,UnityEngine.Rendering.Universal.UniversalCameraData) (at ./Library/PackageCache/com.unity.render-pipelines.universal@73b4c4ff130e/Runtime/UniversalRenderPipeline.cs:1012)
UnityEngine.Rendering.Universal.UniversalRenderPipeline:RenderCameraStack (UnityEngine.Rendering.ScriptableRenderContext,UnityEngine.Camera,bool) (at ./Library/PackageCache/com.unity.render-pipelines.universal@73b4c4ff130e/Runtime/UniversalRenderPipeline.cs:1207)
UnityEngine.Rendering.Universal.UniversalRenderPipeline:Render (UnityEngine.Rendering.ScriptableRenderContext,System.Collections.Generic.List`1<UnityEngine.Camera>) (at ./Library/PackageCache/com.unity.render-pipelines.universal@73b4c4ff130e/Runtime/UniversalRenderPipeline.cs:611)
UnityEngine.Rendering.RenderPipeline:InternalRender (UnityEngine.Rendering.ScriptableRenderContext,System.Collections.Generic.List`1<UnityEngine.Camera>)
UnityEngine.Rendering.RenderPipelineManager:DoRenderLoop_Internal (UnityEngine.Rendering.RenderPipelineAsset,intptr,object,Unity.Collections.LowLevel.Unsafe.AtomicSafetyHandle)
UnityEngine.Camera:Render ()
AegisRTS.Editor.InfantryPhase03Revision01ReviewBuilder:Capture (UnityEngine.Camera,UnityEngine.Vector3,single,single,string) (at Assets/AegisRTS/Editor/InfantryPhase03Revision01ReviewBuilder.cs:188)
AegisRTS.Editor.InfantryPhase03Revision01ReviewBuilder:BuildAndCapture () (at Assets/AegisRTS/Editor/InfantryPhase03Revision01ReviewBuilder.cs:79)

[Assets/AegisRTS/Editor/InfantryPhase03Revision01ReviewBuilder.cs line 79]

EndRenderPass: Not inside a Renderpass
UnityEngine.Debug:ExtractStackTraceNoAlloc (byte*,int,string)
UnityEngine.StackTraceUtility:ExtractStackTrace ()
UnityEngine.Rendering.ScriptableRenderContext:Submit ()
UnityEngine.Rendering.Universal.UniversalRenderPipeline:RenderSingleCamera (UnityEngine.Rendering.ScriptableRenderContext,UnityEngine.Rendering.Universal.UniversalCameraData) (at ./Library/PackageCache/com.unity.render-pipelines.universal@73b4c4ff130e/Runtime/UniversalRenderPipeline.cs:1012)
UnityEngine.Rendering.Universal.UniversalRenderPipeline:RenderCameraStack (UnityEngine.Rendering.ScriptableRenderContext,UnityEngine.Camera,bool) (at ./Library/PackageCache/com.unity.render-pipelines.universal@73b4c4ff130e/Runtime/UniversalRenderPipeline.cs:1207)
UnityEngine.Rendering.Universal.UniversalRenderPipeline:Render (UnityEngine.Rendering.ScriptableRenderContext,System.Collections.Generic.List`1<UnityEngine.Camera>) (at ./Library/PackageCache/com.unity.render-pipelines.universal@73b4c4ff130e/Runtime/UniversalRenderPipeline.cs:611)
UnityEngine.Rendering.RenderPipeline:InternalRender (UnityEngine.Rendering.ScriptableRenderContext,System.Collections.Generic.List`1<UnityEngine.Camera>)
UnityEngine.Rendering.RenderPipelineManager:DoRenderLoop_Internal (UnityEngine.Rendering.RenderPipelineAsset,intptr,object,Unity.Collections.LowLevel.Unsafe.AtomicSafetyHandle)
UnityEngine.Camera:Render ()
AegisRTS.Editor.InfantryPhase03Revision01ReviewBuilder:Capture (UnityEngine.Camera,UnityEngine.Vector3,single,single,string) (at Assets/AegisRTS/Editor/InfantryPhase03Revision01ReviewBuilder.cs:188)
AegisRTS.Editor.InfantryPhase03Revision01ReviewBuilder:BuildAndCapture () (at Assets/AegisRTS/Editor/InfantryPhase03Revision01ReviewBuilder.cs:79)

[Assets/AegisRTS/Editor/InfantryPhase03Revision01ReviewBuilder.cs line 79]

RenderTexture.Create failed
UnityEngine.Debug:ExtractStackTraceNoAlloc (byte*,int,string)
UnityEngine.StackTraceUtility:ExtractStackTrace ()
UnityEngine.Rendering.ScriptableRenderContext:Submit ()
UnityEngine.Rendering.Universal.UniversalRenderPipeline:RenderSingleCamera (UnityEngine.Rendering.ScriptableRenderContext,UnityEngine.Rendering.Universal.UniversalCameraData) (at ./Library/PackageCache/com.unity.render-pipelines.universal@73b4c4ff130e/Runtime/UniversalRenderPipeline.cs:1012)
UnityEngine.Rendering.Universal.UniversalRenderPipeline:RenderCameraStack (UnityEngine.Rendering.ScriptableRenderContext,UnityEngine.Camera,bool) (at ./Library/PackageCache/com.unity.render-pipelines.universal@73b4c4ff130e/Runtime/UniversalRenderPipeline.cs:1207)
UnityEngine.Rendering.Universal.UniversalRenderPipeline:Render (UnityEngine.Rendering.ScriptableRenderContext,System.Collections.Generic.List`1<UnityEngine.Camera>) (at ./Library/PackageCache/com.unity.render-pipelines.universal@73b4c4ff130e/Runtime/UniversalRenderPipeline.cs:611)
UnityEngine.Rendering.RenderPipeline:InternalRender (UnityEngine.Rendering.ScriptableRenderContext,System.Collections.Generic.List`1<UnityEngine.Camera>)
UnityEngine.Rendering.RenderPipelineManager:DoRenderLoop_Internal (UnityEngine.Rendering.RenderPipelineAsset,intptr,object,Unity.Collections.LowLevel.Unsafe.AtomicSafetyHandle)
UnityEngine.Camera:Render ()
AegisRTS.Editor.InfantryPhase03Revision01ReviewBuilder:Capture (UnityEngine.Camera,UnityEngine.Vector3,single,single,string) (at Assets/AegisRTS/Editor/InfantryPhase03Revision01ReviewBuilder.cs:188)
AegisRTS.Editor.InfantryPhase03Revision01ReviewBuilder:BuildAndCapture () (at Assets/AegisRTS/Editor/InfantryPhase03Revision01ReviewBuilder.cs:79)

[Assets/AegisRTS/Editor/InfantryPhase03Revision01ReviewBuilder.cs line 79]

RenderTexture.Create failed
UnityEngine.Debug:ExtractStackTraceNoAlloc (byte*,int,string)
UnityEngine.StackTraceUtility:ExtractStackTrace ()
UnityEngine.Rendering.ScriptableRenderContext:Submit ()
UnityEngine.Rendering.Universal.UniversalRenderPipeline:RenderSingleCamera (UnityEngine.Rendering.ScriptableRenderContext,UnityEngine.Rendering.Universal.UniversalCameraData) (at ./Library/PackageCache/com.unity.render-pipelines.universal@73b4c4ff130e/Runtime/UniversalRenderPipeline.cs:1012)
UnityEngine.Rendering.Universal.UniversalRenderPipeline:RenderCameraStack (UnityEngine.Rendering.ScriptableRenderContext,UnityEngine.Camera,bool) (at ./Library/PackageCache/com.unity.render-pipelines.universal@73b4c4ff130e/Runtime/UniversalRenderPipeline.cs:1207)
UnityEngine.Rendering.Universal.UniversalRenderPipeline:Render (UnityEngine.Rendering.ScriptableRenderContext,System.Collections.Generic.List`1<UnityEngine.Camera>) (at ./Library/PackageCache/com.unity.render-pipelines.universal@73b4c4ff130e/Runtime/UniversalRenderPipeline.cs:611)
UnityEngine.Rendering.RenderPipeline:InternalRender (UnityEngine.Rendering.ScriptableRenderContext,System.Collections.Generic.List`1<UnityEngine.Camera>)
UnityEngine.Rendering.RenderPipelineManager:DoRenderLoop_Internal (UnityEngine.Rendering.RenderPipelineAsset,intptr,object,Unity.Collections.LowLevel.Unsafe.AtomicSafetyHandle)
UnityEngine.Camera:Render ()
AegisRTS.Editor.InfantryPhase03Revision01ReviewBuilder:Capture (UnityEngine.Camera,UnityEngine.Vector3,single,single,string) (at Assets/AegisRTS/Editor/InfantryPhase03Revision01ReviewBuilder.cs:188)
AegisRTS.Editor.InfantryPhase03Revision01ReviewBuilder:BuildAndCapture () (at Assets/AegisRTS/Editor/InfantryPhase03Revision01ReviewBuilder.cs:79)

[Assets/AegisRTS/Editor/InfantryPhase03Revision01ReviewBuilder.cs line 79]

RenderTexture.Create failed
UnityEngine.Debug:ExtractStackTraceNoAlloc (byte*,int,string)
UnityEngine.StackTraceUtility:ExtractStackTrace ()
UnityEngine.Rendering.ScriptableRenderContext:Submit ()
UnityEngine.Rendering.Universal.UniversalRenderPipeline:RenderSingleCamera (UnityEngine.Rendering.ScriptableRenderContext,UnityEngine.Rendering.Universal.UniversalCameraData) (at ./Library/PackageCache/com.unity.render-pipelines.universal@73b4c4ff130e/Runtime/UniversalRenderPipeline.cs:1012)
UnityEngine.Rendering.Universal.UniversalRenderPipeline:RenderCameraStack (UnityEngine.Rendering.ScriptableRenderContext,UnityEngine.Camera,bool) (at ./Library/PackageCache/com.unity.render-pipelines.universal@73b4c4ff130e/Runtime/UniversalRenderPipeline.cs:1207)
UnityEngine.Rendering.Universal.UniversalRenderPipeline:Render (UnityEngine.Rendering.ScriptableRenderContext,System.Collections.Generic.List`1<UnityEngine.Camera>) (at ./Library/PackageCache/com.unity.render-pipelines.universal@73b4c4ff130e/Runtime/UniversalRenderPipeline.cs:611)
UnityEngine.Rendering.RenderPipeline:InternalRender (UnityEngine.Rendering.ScriptableRenderContext,System.Collections.Generic.List`1<UnityEngine.Camera>)
UnityEngine.Rendering.RenderPipelineManager:DoRenderLoop_Internal (UnityEngine.Rendering.RenderPipelineAsset,intptr,object,Unity.Collections.LowLevel.Unsafe.AtomicSafetyHandle)
UnityEngine.Camera:Render ()
AegisRTS.Editor.InfantryPhase03Revision01ReviewBuilder:Capture (UnityEngine.Camera,UnityEngine.Vector3,single,single,string) (at Assets/AegisRTS/Editor/InfantryPhase03Revision01ReviewBuilder.cs:188)
AegisRTS.Editor.InfantryPhase03Revision01ReviewBuilder:BuildAndCapture () (at Assets/AegisRTS/Editor/InfantryPhase03Revision01ReviewBuilder.cs:79)

[Assets/AegisRTS/Editor/InfantryPhase03Revision01ReviewBuilder.cs line 79]

DrawOpaqueObjects: Unable to find surface for attachment 0
UnityEngine.Debug:ExtractStackTraceNoAlloc (byte*,int,string)
UnityEngine.StackTraceUtility:ExtractStackTrace ()
UnityEngine.Rendering.ScriptableRenderContext:Submit ()
UnityEngine.Rendering.Universal.UniversalRenderPipeline:RenderSingleCamera (UnityEngine.Rendering.ScriptableRenderContext,UnityEngine.Rendering.Universal.UniversalCameraData) (at ./Library/PackageCache/com.unity.render-pipelines.universal@73b4c4ff130e/Runtime/UniversalRenderPipeline.cs:1012)
UnityEngine.Rendering.Universal.UniversalRenderPipeline:RenderCameraStack (UnityEngine.Rendering.ScriptableRenderContext,UnityEngine.Camera,bool) (at ./Library/PackageCache/com.unity.render-pipelines.universal@73b4c4ff130e/Runtime/UniversalRenderPipeline.cs:1207)
UnityEngine.Rendering.Universal.UniversalRenderPipeline:Render (UnityEngine.Rendering.ScriptableRenderContext,System.Collections.Generic.List`1<UnityEngine.Camera>) (at ./Library/PackageCache/com.unity.render-pipelines.universal@73b4c4ff130e/Runtime/UniversalRenderPipeline.cs:611)
UnityEngine.Rendering.RenderPipeline:InternalRender (UnityEngine.Rendering.ScriptableRenderContext,System.Collections.Generic.List`1<UnityEngine.Camera>)
UnityEngine.Rendering.RenderPipelineManager:DoRenderLoop_Internal (UnityEngine.Rendering.RenderPipelineAsset,intptr,object,Unity.Collections.LowLevel.Unsafe.AtomicSafetyHandle)
UnityEngine.Camera:Render ()
AegisRTS.Editor.InfantryPhase03Revision01ReviewBuilder:Capture (UnityEngine.Camera,UnityEngine.Vector3,single,single,string) (at Assets/AegisRTS/Editor/InfantryPhase03Revision01ReviewBuilder.cs:188)
AegisRTS.Editor.InfantryPhase03Revision01ReviewBuilder:BuildAndCapture () (at Assets/AegisRTS/Editor/InfantryPhase03Revision01ReviewBuilder.cs:79)

[Assets/AegisRTS/Editor/InfantryPhase03Revision01ReviewBuilder.cs line 79]

EndRenderPass: Not inside a Renderpass
UnityEngine.Debug:ExtractStackTraceNoAlloc (byte*,int,string)
UnityEngine.StackTraceUtility:ExtractStackTrace ()
UnityEngine.Rendering.ScriptableRenderContext:Submit ()
UnityEngine.Rendering.Universal.UniversalRenderPipeline:RenderSingleCamera (UnityEngine.Rendering.ScriptableRenderContext,UnityEngine.Rendering.Universal.UniversalCameraData) (at ./Library/PackageCache/com.unity.render-pipelines.universal@73b4c4ff130e/Runtime/UniversalRenderPipeline.cs:1012)
UnityEngine.Rendering.Universal.UniversalRenderPipeline:RenderCameraStack (UnityEngine.Rendering.ScriptableRenderContext,UnityEngine.Camera,bool) (at ./Library/PackageCache/com.unity.render-pipelines.universal@73b4c4ff130e/Runtime/UniversalRenderPipeline.cs:1207)
UnityEngine.Rendering.Universal.UniversalRenderPipeline:Render (UnityEngine.Rendering.ScriptableRenderContext,System.Collections.Generic.List`1<UnityEngine.Camera>) (at ./Library/PackageCache/com.unity.render-pipelines.universal@73b4c4ff130e/Runtime/UniversalRenderPipeline.cs:611)
UnityEngine.Rendering.RenderPipeline:InternalRender (UnityEngine.Rendering.ScriptableRenderContext,System.Collections.Generic.List`1<UnityEngine.Camera>)
UnityEngine.Rendering.RenderPipelineManager:DoRenderLoop_Internal (UnityEngine.Rendering.RenderPipelineAsset,intptr,object,Unity.Collections.LowLevel.Unsafe.AtomicSafetyHandle)
UnityEngine.Camera:Render ()
AegisRTS.Editor.InfantryPhase03Revision01ReviewBuilder:Capture (UnityEngine.Camera,UnityEngine.Vector3,single,single,string) (at Assets/AegisRTS/Editor/InfantryPhase03Revision01ReviewBuilder.cs:188)
AegisRTS.Editor.InfantryPhase03Revision01ReviewBuilder:BuildAndCapture () (at Assets/AegisRTS/Editor/InfantryPhase03Revision01ReviewBuilder.cs:79)

[Assets/AegisRTS/Editor/InfantryPhase03Revision01ReviewBuilder.cs line 79]

RenderTexture.Create failed
UnityEngine.Debug:ExtractStackTraceNoAlloc (byte*,int,string)
UnityEngine.StackTraceUtility:ExtractStackTrace ()
UnityEngine.Rendering.ScriptableRenderContext:Submit ()
UnityEngine.Rendering.Universal.UniversalRenderPipeline:RenderSingleCamera (UnityEngine.Rendering.ScriptableRenderContext,UnityEngine.Rendering.Universal.UniversalCameraData) (at ./Library/PackageCache/com.unity.render-pipelines.universal@73b4c4ff130e/Runtime/UniversalRenderPipeline.cs:1012)
UnityEngine.Rendering.Universal.UniversalRenderPipeline:RenderCameraStack (UnityEngine.Rendering.ScriptableRenderContext,UnityEngine.Camera,bool) (at ./Library/PackageCache/com.unity.render-pipelines.universal@73b4c4ff130e/Runtime/UniversalRenderPipeline.cs:1207)
UnityEngine.Rendering.Universal.UniversalRenderPipeline:Render (UnityEngine.Rendering.ScriptableRenderContext,System.Collections.Generic.List`1<UnityEngine.Camera>) (at ./Library/PackageCache/com.unity.render-pipelines.universal@73b4c4ff130e/Runtime/UniversalRenderPipeline.cs:611)
UnityEngine.Rendering.RenderPipeline:InternalRender (UnityEngine.Rendering.ScriptableRenderContext,System.Collections.Generic.List`1<UnityEngine.Camera>)
UnityEngine.Rendering.RenderPipelineManager:DoRenderLoop_Internal (UnityEngine.Rendering.RenderPipelineAsset,intptr,object,Unity.Collections.LowLevel.Unsafe.AtomicSafetyHandle)
UnityEngine.Camera:Render ()
AegisRTS.Editor.InfantryPhase03Revision01ReviewBuilder:Capture (UnityEngine.Camera,UnityEngine.Vector3,single,single,string) (at Assets/AegisRTS/Editor/InfantryPhase03Revision01ReviewBuilder.cs:188)
AegisRTS.Editor.InfantryPhase03Revision01ReviewBuilder:BuildAndCapture () (at Assets/AegisRTS/Editor/InfantryPhase03Revision01ReviewBuilder.cs:79)

[Assets/AegisRTS/Editor/InfantryPhase03Revision01ReviewBuilder.cs line 79]

RenderTexture.Create failed
UnityEngine.Debug:ExtractStackTraceNoAlloc (byte*,int,string)
UnityEngine.StackTraceUtility:ExtractStackTrace ()
UnityEngine.Rendering.ScriptableRenderContext:Submit ()
UnityEngine.Rendering.Universal.UniversalRenderPipeline:RenderSingleCamera (UnityEngine.Rendering.ScriptableRenderContext,UnityEngine.Rendering.Universal.UniversalCameraData) (at ./Library/PackageCache/com.unity.render-pipelines.universal@73b4c4ff130e/Runtime/UniversalRenderPipeline.cs:1012)
UnityEngine.Rendering.Universal.UniversalRenderPipeline:RenderCameraStack (UnityEngine.Rendering.ScriptableRenderContext,UnityEngine.Camera,bool) (at ./Library/PackageCache/com.unity.render-pipelines.universal@73b4c4ff130e/Runtime/UniversalRenderPipeline.cs:1207)
UnityEngine.Rendering.Universal.UniversalRenderPipeline:Render (UnityEngine.Rendering.ScriptableRenderContext,System.Collections.Generic.List`1<UnityEngine.Camera>) (at ./Library/PackageCache/com.unity.render-pipelines.universal@73b4c4ff130e/Runtime/UniversalRenderPipeline.cs:611)
UnityEngine.Rendering.RenderPipeline:InternalRender (UnityEngine.Rendering.ScriptableRenderContext,System.Collections.Generic.List`1<UnityEngine.Camera>)
UnityEngine.Rendering.RenderPipelineManager:DoRenderLoop_Internal (UnityEngine.Rendering.RenderPipelineAsset,intptr,object,Unity.Collections.LowLevel.Unsafe.AtomicSafetyHandle)
UnityEngine.Camera:Render ()
AegisRTS.Editor.InfantryPhase03Revision01ReviewBuilder:Capture (UnityEngine.Camera,UnityEngine.Vector3,single,single,string) (at Assets/AegisRTS/Editor/InfantryPhase03Revision01ReviewBuilder.cs:188)
AegisRTS.Editor.InfantryPhase03Revision01ReviewBuilder:BuildAndCapture () (at Assets/AegisRTS/Editor/InfantryPhase03Revision01ReviewBuilder.cs:79)

[Assets/AegisRTS/Editor/InfantryPhase03Revision01ReviewBuilder.cs line 79]

RenderTexture.Create failed
UnityEngine.Debug:ExtractStackTraceNoAlloc (byte*,int,string)
UnityEngine.StackTraceUtility:ExtractStackTrace ()
UnityEngine.Rendering.ScriptableRenderContext:Submit ()
UnityEngine.Rendering.Universal.UniversalRenderPipeline:RenderSingleCamera (UnityEngine.Rendering.ScriptableRenderContext,UnityEngine.Rendering.Universal.UniversalCameraData) (at ./Library/PackageCache/com.unity.render-pipelines.universal@73b4c4ff130e/Runtime/UniversalRenderPipeline.cs:1012)
UnityEngine.Rendering.Universal.UniversalRenderPipeline:RenderCameraStack (UnityEngine.Rendering.ScriptableRenderContext,UnityEngine.Camera,bool) (at ./Library/PackageCache/com.unity.render-pipelines.universal@73b4c4ff130e/Runtime/UniversalRenderPipeline.cs:1207)
UnityEngine.Rendering.Universal.UniversalRenderPipeline:Render (UnityEngine.Rendering.ScriptableRenderContext,System.Collections.Generic.List`1<UnityEngine.Camera>) (at ./Library/PackageCache/com.unity.render-pipelines.universal@73b4c4ff130e/Runtime/UniversalRenderPipeline.cs:611)
UnityEngine.Rendering.RenderPipeline:InternalRender (UnityEngine.Rendering.ScriptableRenderContext,System.Collections.Generic.List`1<UnityEngine.Camera>)
UnityEngine.Rendering.RenderPipelineManager:DoRenderLoop_Internal (UnityEngine.Rendering.RenderPipelineAsset,intptr,object,Unity.Collections.LowLevel.Unsafe.AtomicSafetyHandle)
UnityEngine.Camera:Render ()
AegisRTS.Editor.InfantryPhase03Revision01ReviewBuilder:Capture (UnityEngine.Camera,UnityEngine.Vector3,single,single,string) (at Assets/AegisRTS/Editor/InfantryPhase03Revision01ReviewBuilder.cs:188)
AegisRTS.Editor.InfantryPhase03Revision01ReviewBuilder:BuildAndCapture () (at Assets/AegisRTS/Editor/InfantryPhase03Revision01ReviewBuilder.cs:79)

[Assets/AegisRTS/Editor/InfantryPhase03Revision01ReviewBuilder.cs line 79]

DrawTransparentObjects: Unable to find surface for attachment 0
UnityEngine.Debug:ExtractStackTraceNoAlloc (byte*,int,string)
UnityEngine.StackTraceUtility:ExtractStackTrace ()
UnityEngine.Rendering.ScriptableRenderContext:Submit ()
UnityEngine.Rendering.Universal.UniversalRenderPipeline:RenderSingleCamera (UnityEngine.Rendering.ScriptableRenderContext,UnityEngine.Rendering.Universal.UniversalCameraData) (at ./Library/PackageCache/com.unity.render-pipelines.universal@73b4c4ff130e/Runtime/UniversalRenderPipeline.cs:1012)
UnityEngine.Rendering.Universal.UniversalRenderPipeline:RenderCameraStack (UnityEngine.Rendering.ScriptableRenderContext,UnityEngine.Camera,bool) (at ./Library/PackageCache/com.unity.render-pipelines.universal@73b4c4ff130e/Runtime/UniversalRenderPipeline.cs:1207)
UnityEngine.Rendering.Universal.UniversalRenderPipeline:Render (UnityEngine.Rendering.ScriptableRenderContext,System.Collections.Generic.List`1<UnityEngine.Camera>) (at ./Library/PackageCache/com.unity.render-pipelines.universal@73b4c4ff130e/Runtime/UniversalRenderPipeline.cs:611)
UnityEngine.Rendering.RenderPipeline:InternalRender (UnityEngine.Rendering.ScriptableRenderContext,System.Collections.Generic.List`1<UnityEngine.Camera>)
UnityEngine.Rendering.RenderPipelineManager:DoRenderLoop_Internal (UnityEngine.Rendering.RenderPipelineAsset,intptr,object,Unity.Collections.LowLevel.Unsafe.AtomicSafetyHandle)
UnityEngine.Camera:Render ()
AegisRTS.Editor.InfantryPhase03Revision01ReviewBuilder:Capture (UnityEngine.Camera,UnityEngine.Vector3,single,single,string) (at Assets/AegisRTS/Editor/InfantryPhase03Revision01ReviewBuilder.cs:188)
AegisRTS.Editor.InfantryPhase03Revision01ReviewBuilder:BuildAndCapture () (at Assets/AegisRTS/Editor/InfantryPhase03Revision01ReviewBuilder.cs:79)

[Assets/AegisRTS/Editor/InfantryPhase03Revision01ReviewBuilder.cs line 79]

EndRenderPass: Not inside a Renderpass
UnityEngine.Debug:ExtractStackTraceNoAlloc (byte*,int,string)
UnityEngine.StackTraceUtility:ExtractStackTrace ()
UnityEngine.Rendering.ScriptableRenderContext:Submit ()
UnityEngine.Rendering.Universal.UniversalRenderPipeline:RenderSingleCamera (UnityEngine.Rendering.ScriptableRenderContext,UnityEngine.Rendering.Universal.UniversalCameraData) (at ./Library/PackageCache/com.unity.render-pipelines.universal@73b4c4ff130e/Runtime/UniversalRenderPipeline.cs:1012)
UnityEngine.Rendering.Universal.UniversalRenderPipeline:RenderCameraStack (UnityEngine.Rendering.ScriptableRenderContext,UnityEngine.Camera,bool) (at ./Library/PackageCache/com.unity.render-pipelines.universal@73b4c4ff130e/Runtime/UniversalRenderPipeline.cs:1207)
UnityEngine.Rendering.Universal.UniversalRenderPipeline:Render (UnityEngine.Rendering.ScriptableRenderContext,System.Collections.Generic.List`1<UnityEngine.Camera>) (at ./Library/PackageCache/com.unity.render-pipelines.universal@73b4c4ff130e/Runtime/UniversalRenderPipeline.cs:611)
UnityEngine.Rendering.RenderPipeline:InternalRender (UnityEngine.Rendering.ScriptableRenderContext,System.Collections.Generic.List`1<UnityEngine.Camera>)
UnityEngine.Rendering.RenderPipelineManager:DoRenderLoop_Internal (UnityEngine.Rendering.RenderPipelineAsset,intptr,object,Unity.Collections.LowLevel.Unsafe.AtomicSafetyHandle)
UnityEngine.Camera:Render ()
AegisRTS.Editor.InfantryPhase03Revision01ReviewBuilder:Capture (UnityEngine.Camera,UnityEngine.Vector3,single,single,string) (at Assets/AegisRTS/Editor/InfantryPhase03Revision01ReviewBuilder.cs:188)
AegisRTS.Editor.InfantryPhase03Revision01ReviewBuilder:BuildAndCapture () (at Assets/AegisRTS/Editor/InfantryPhase03Revision01ReviewBuilder.cs:79)

[Assets/AegisRTS/Editor/InfantryPhase03Revision01ReviewBuilder.cs line 79]

BlitFinalToBackBuffer: Attachment 0 was created with 1 samples but 4 samples were requested.
UnityEngine.Debug:ExtractStackTraceNoAlloc (byte*,int,string)
UnityEngine.StackTraceUtility:ExtractStackTrace ()
UnityEngine.Rendering.ScriptableRenderContext:Submit ()
UnityEngine.Rendering.Universal.UniversalRenderPipeline:RenderSingleCamera (UnityEngine.Rendering.ScriptableRenderContext,UnityEngine.Rendering.Universal.UniversalCameraData) (at ./Library/PackageCache/com.unity.render-pipelines.universal@73b4c4ff130e/Runtime/UniversalRenderPipeline.cs:1012)
UnityEngine.Rendering.Universal.UniversalRenderPipeline:RenderCameraStack (UnityEngine.Rendering.ScriptableRenderContext,UnityEngine.Camera,bool) (at ./Library/PackageCache/com.unity.render-pipelines.universal@73b4c4ff130e/Runtime/UniversalRenderPipeline.cs:1207)
UnityEngine.Rendering.Universal.UniversalRenderPipeline:Render (UnityEngine.Rendering.ScriptableRenderContext,System.Collections.Generic.List`1<UnityEngine.Camera>) (at ./Library/PackageCache/com.unity.render-pipelines.universal@73b4c4ff130e/Runtime/UniversalRenderPipeline.cs:611)
UnityEngine.Rendering.RenderPipeline:InternalRender (UnityEngine.Rendering.ScriptableRenderContext,System.Collections.Generic.List`1<UnityEngine.Camera>)
UnityEngine.Rendering.RenderPipelineManager:DoRenderLoop_Internal (UnityEngine.Rendering.RenderPipelineAsset,intptr,object,Unity.Collections.LowLevel.Unsafe.AtomicSafetyHandle)
UnityEngine.Camera:Render ()
AegisRTS.Editor.InfantryPhase03Revision01ReviewBuilder:Capture (UnityEngine.Camera,UnityEngine.Vector3,single,single,string) (at Assets/AegisRTS/Editor/InfantryPhase03Revision01ReviewBuilder.cs:188)
AegisRTS.Editor.InfantryPhase03Revision01ReviewBuilder:BuildAndCapture () (at Assets/AegisRTS/Editor/InfantryPhase03Revision01ReviewBuilder.cs:79)

[Assets/AegisRTS/Editor/InfantryPhase03Revision01ReviewBuilder.cs line 79]

EndRenderPass: Not inside a Renderpass
UnityEngine.Debug:ExtractStackTraceNoAlloc (byte*,int,string)
UnityEngine.StackTraceUtility:ExtractStackTrace ()
UnityEngine.Rendering.ScriptableRenderContext:Submit ()
UnityEngine.Rendering.Universal.UniversalRenderPipeline:RenderSingleCamera (UnityEngine.Rendering.ScriptableRenderContext,UnityEngine.Rendering.Universal.UniversalCameraData) (at ./Library/PackageCache/com.unity.render-pipelines.universal@73b4c4ff130e/Runtime/UniversalRenderPipeline.cs:1012)
UnityEngine.Rendering.Universal.UniversalRenderPipeline:RenderCameraStack (UnityEngine.Rendering.ScriptableRenderContext,UnityEngine.Camera,bool) (at ./Library/PackageCache/com.unity.render-pipelines.universal@73b4c4ff130e/Runtime/UniversalRenderPipeline.cs:1207)
UnityEngine.Rendering.Universal.UniversalRenderPipeline:Render (UnityEngine.Rendering.ScriptableRenderContext,System.Collections.Generic.List`1<UnityEngine.Camera>) (at ./Library/PackageCache/com.unity.render-pipelines.universal@73b4c4ff130e/Runtime/UniversalRenderPipeline.cs:611)
UnityEngine.Rendering.RenderPipeline:InternalRender (UnityEngine.Rendering.ScriptableRenderContext,System.Collections.Generic.List`1<UnityEngine.Camera>)
UnityEngine.Rendering.RenderPipelineManager:DoRenderLoop_Internal (UnityEngine.Rendering.RenderPipelineAsset,intptr,object,Unity.Collections.LowLevel.Unsafe.AtomicSafetyHandle)
UnityEngine.Camera:Render ()
AegisRTS.Editor.InfantryPhase03Revision01ReviewBuilder:Capture (UnityEngine.Camera,UnityEngine.Vector3,single,single,string) (at Assets/AegisRTS/Editor/InfantryPhase03Revision01ReviewBuilder.cs:188)
AegisRTS.Editor.InfantryPhase03Revision01ReviewBuilder:BuildAndCapture () (at Assets/AegisRTS/Editor/InfantryPhase03Revision01ReviewBuilder.cs:79)

[Assets/AegisRTS/Editor/InfantryPhase03Revision01ReviewBuilder.cs line 79]

SetConstantBuffer: The current renderer does not support constant buffers. This call will have no effect.
UnityEngine.Debug:ExtractStackTraceNoAlloc (byte*,int,string)
UnityEngine.StackTraceUtility:ExtractStackTrace ()
UnityEngine.Rendering.ScriptableRenderContext:Submit ()
UnityEngine.Rendering.Universal.UniversalRenderPipeline:RenderSingleCamera (UnityEngine.Rendering.ScriptableRenderContext,UnityEngine.Rendering.Universal.UniversalCameraData) (at ./Library/PackageCache/com.unity.render-pipelines.universal@73b4c4ff130e/Runtime/UniversalRenderPipeline.cs:1012)
UnityEngine.Rendering.Universal.UniversalRenderPipeline:RenderCameraStack (UnityEngine.Rendering.ScriptableRenderContext,UnityEngine.Camera,bool) (at ./Library/PackageCache/com.unity.render-pipelines.universal@73b4c4ff130e/Runtime/UniversalRenderPipeline.cs:1207)
UnityEngine.Rendering.Universal.UniversalRenderPipeline:Render (UnityEngine.Rendering.ScriptableRenderContext,System.Collections.Generic.List`1<UnityEngine.Camera>) (at ./Library/PackageCache/com.unity.render-pipelines.universal@73b4c4ff130e/Runtime/UniversalRenderPipeline.cs:611)
UnityEngine.Rendering.RenderPipeline:InternalRender (UnityEngine.Rendering.ScriptableRenderContext,System.Collections.Generic.List`1<UnityEngine.Camera>)
UnityEngine.Rendering.RenderPipelineManager:DoRenderLoop_Internal (UnityEngine.Rendering.RenderPipelineAsset,intptr,object,Unity.Collections.LowLevel.Unsafe.AtomicSafetyHandle)
UnityEngine.Camera:Render ()
AegisRTS.Editor.InfantryPhase03Revision01ReviewBuilder:Capture (UnityEngine.Camera,UnityEngine.Vector3,single,single,string) (at Assets/AegisRTS/Editor/InfantryPhase03Revision01ReviewBuilder.cs:188)
AegisRTS.Editor.InfantryPhase03Revision01ReviewBuilder:BuildAndCapture () (at Assets/AegisRTS/Editor/InfantryPhase03Revision01ReviewBuilder.cs:80)

[Assets/AegisRTS/Editor/InfantryPhase03Revision01ReviewBuilder.cs line 80]

SetConstantBuffer: The current renderer does not support constant buffers. This call will have no effect.
UnityEngine.Debug:ExtractStackTraceNoAlloc (byte*,int,string)
UnityEngine.StackTraceUtility:ExtractStackTrace ()
UnityEngine.Rendering.ScriptableRenderContext:Submit ()
UnityEngine.Rendering.Universal.UniversalRenderPipeline:RenderSingleCamera (UnityEngine.Rendering.ScriptableRenderContext,UnityEngine.Rendering.Universal.UniversalCameraData) (at ./Library/PackageCache/com.unity.render-pipelines.universal@73b4c4ff130e/Runtime/UniversalRenderPipeline.cs:1012)
UnityEngine.Rendering.Universal.UniversalRenderPipeline:RenderCameraStack (UnityEngine.Rendering.ScriptableRenderContext,UnityEngine.Camera,bool) (at ./Library/PackageCache/com.unity.render-pipelines.universal@73b4c4ff130e/Runtime/UniversalRenderPipeline.cs:1207)
UnityEngine.Rendering.Universal.UniversalRenderPipeline:Render (UnityEngine.Rendering.ScriptableRenderContext,System.Collections.Generic.List`1<UnityEngine.Camera>) (at ./Library/PackageCache/com.unity.render-pipelines.universal@73b4c4ff130e/Runtime/UniversalRenderPipeline.cs:611)
UnityEngine.Rendering.RenderPipeline:InternalRender (UnityEngine.Rendering.ScriptableRenderContext,System.Collections.Generic.List`1<UnityEngine.Camera>)
UnityEngine.Rendering.RenderPipelineManager:DoRenderLoop_Internal (UnityEngine.Rendering.RenderPipelineAsset,intptr,object,Unity.Collections.LowLevel.Unsafe.AtomicSafetyHandle)
UnityEngine.Camera:Render ()
AegisRTS.Editor.InfantryPhase03Revision01ReviewBuilder:Capture (UnityEngine.Camera,UnityEngine.Vector3,single,single,string) (at Assets/AegisRTS/Editor/InfantryPhase03Revision01ReviewBuilder.cs:188)
AegisRTS.Editor.InfantryPhase03Revision01ReviewBuilder:BuildAndCapture () (at Assets/AegisRTS/Editor/InfantryPhase03Revision01ReviewBuilder.cs:80)

[Assets/AegisRTS/Editor/InfantryPhase03Revision01ReviewBuilder.cs line 80]

RenderTexture.Create failed
UnityEngine.Debug:ExtractStackTraceNoAlloc (byte*,int,string)
UnityEngine.StackTraceUtility:ExtractStackTrace ()
UnityEngine.Rendering.ScriptableRenderContext:Submit ()
UnityEngine.Rendering.Universal.UniversalRenderPipeline:RenderSingleCamera (UnityEngine.Rendering.ScriptableRenderContext,UnityEngine.Rendering.Universal.UniversalCameraData) (at ./Library/PackageCache/com.unity.render-pipelines.universal@73b4c4ff130e/Runtime/UniversalRenderPipeline.cs:1012)
UnityEngine.Rendering.Universal.UniversalRenderPipeline:RenderCameraStack (UnityEngine.Rendering.ScriptableRenderContext,UnityEngine.Camera,bool) (at ./Library/PackageCache/com.unity.render-pipelines.universal@73b4c4ff130e/Runtime/UniversalRenderPipeline.cs:1207)
UnityEngine.Rendering.Universal.UniversalRenderPipeline:Render (UnityEngine.Rendering.ScriptableRenderContext,System.Collections.Generic.List`1<UnityEngine.Camera>) (at ./Library/PackageCache/com.unity.render-pipelines.universal@73b4c4ff130e/Runtime/UniversalRenderPipeline.cs:611)
UnityEngine.Rendering.RenderPipeline:InternalRender (UnityEngine.Rendering.ScriptableRenderContext,System.Collections.Generic.List`1<UnityEngine.Camera>)
UnityEngine.Rendering.RenderPipelineManager:DoRenderLoop_Internal (UnityEngine.Rendering.RenderPipelineAsset,intptr,object,Unity.Collections.LowLevel.Unsafe.AtomicSafetyHandle)
UnityEngine.Camera:Render ()
AegisRTS.Editor.InfantryPhase03Revision01ReviewBuilder:Capture (UnityEngine.Camera,UnityEngine.Vector3,single,single,string) (at Assets/AegisRTS/Editor/InfantryPhase03Revision01ReviewBuilder.cs:188)
AegisRTS.Editor.InfantryPhase03Revision01ReviewBuilder:BuildAndCapture () (at Assets/AegisRTS/Editor/InfantryPhase03Revision01ReviewBuilder.cs:80)

[Assets/AegisRTS/Editor/InfantryPhase03Revision01ReviewBuilder.cs line 80]

RenderTexture.Create failed
UnityEngine.Debug:ExtractStackTraceNoAlloc (byte*,int,string)
UnityEngine.StackTraceUtility:ExtractStackTrace ()
UnityEngine.Rendering.ScriptableRenderContext:Submit ()
UnityEngine.Rendering.Universal.UniversalRenderPipeline:RenderSingleCamera (UnityEngine.Rendering.ScriptableRenderContext,UnityEngine.Rendering.Universal.UniversalCameraData) (at ./Library/PackageCache/com.unity.render-pipelines.universal@73b4c4ff130e/Runtime/UniversalRenderPipeline.cs:1012)
UnityEngine.Rendering.Universal.UniversalRenderPipeline:RenderCameraStack (UnityEngine.Rendering.ScriptableRenderContext,UnityEngine.Camera,bool) (at ./Library/PackageCache/com.unity.render-pipelines.universal@73b4c4ff130e/Runtime/UniversalRenderPipeline.cs:1207)
UnityEngine.Rendering.Universal.UniversalRenderPipeline:Render (UnityEngine.Rendering.ScriptableRenderContext,System.Collections.Generic.List`1<UnityEngine.Camera>) (at ./Library/PackageCache/com.unity.render-pipelines.universal@73b4c4ff130e/Runtime/UniversalRenderPipeline.cs:611)
UnityEngine.Rendering.RenderPipeline:InternalRender (UnityEngine.Rendering.ScriptableRenderContext,System.Collections.Generic.List`1<UnityEngine.Camera>)
UnityEngine.Rendering.RenderPipelineManager:DoRenderLoop_Internal (UnityEngine.Rendering.RenderPipelineAsset,intptr,object,Unity.Collections.LowLevel.Unsafe.AtomicSafetyHandle)
UnityEngine.Camera:Render ()
AegisRTS.Editor.InfantryPhase03Revision01ReviewBuilder:Capture (UnityEngine.Camera,UnityEngine.Vector3,single,single,string) (at Assets/AegisRTS/Editor/InfantryPhase03Revision01ReviewBuilder.cs:188)
AegisRTS.Editor.InfantryPhase03Revision01ReviewBuilder:BuildAndCapture () (at Assets/AegisRTS/Editor/InfantryPhase03Revision01ReviewBuilder.cs:80)

[Assets/AegisRTS/Editor/InfantryPhase03Revision01ReviewBuilder.cs line 80]

RenderTexture.Create failed
UnityEngine.Debug:ExtractStackTraceNoAlloc (byte*,int,string)
UnityEngine.StackTraceUtility:ExtractStackTrace ()
UnityEngine.Rendering.ScriptableRenderContext:Submit ()
UnityEngine.Rendering.Universal.UniversalRenderPipeline:RenderSingleCamera (UnityEngine.Rendering.ScriptableRenderContext,UnityEngine.Rendering.Universal.UniversalCameraData) (at ./Library/PackageCache/com.unity.render-pipelines.universal@73b4c4ff130e/Runtime/UniversalRenderPipeline.cs:1012)
UnityEngine.Rendering.Universal.UniversalRenderPipeline:RenderCameraStack (UnityEngine.Rendering.ScriptableRenderContext,UnityEngine.Camera,bool) (at ./Library/PackageCache/com.unity.render-pipelines.universal@73b4c4ff130e/Runtime/UniversalRenderPipeline.cs:1207)
UnityEngine.Rendering.Universal.UniversalRenderPipeline:Render (UnityEngine.Rendering.ScriptableRenderContext,System.Collections.Generic.List`1<UnityEngine.Camera>) (at ./Library/PackageCache/com.unity.render-pipelines.universal@73b4c4ff130e/Runtime/UniversalRenderPipeline.cs:611)
UnityEngine.Rendering.RenderPipeline:InternalRender (UnityEngine.Rendering.ScriptableRenderContext,System.Collections.Generic.List`1<UnityEngine.Camera>)
UnityEngine.Rendering.RenderPipelineManager:DoRenderLoop_Internal (UnityEngine.Rendering.RenderPipelineAsset,intptr,object,Unity.Collections.LowLevel.Unsafe.AtomicSafetyHandle)
UnityEngine.Camera:Render ()
AegisRTS.Editor.InfantryPhase03Revision01ReviewBuilder:Capture (UnityEngine.Camera,UnityEngine.Vector3,single,single,string) (at Assets/AegisRTS/Editor/InfantryPhase03Revision01ReviewBuilder.cs:188)
AegisRTS.Editor.InfantryPhase03Revision01ReviewBuilder:BuildAndCapture () (at Assets/AegisRTS/Editor/InfantryPhase03Revision01ReviewBuilder.cs:80)

[Assets/AegisRTS/Editor/InfantryPhase03Revision01ReviewBuilder.cs line 80]

DrawDepthNormalPrepass: Unable to find surface for attachment 0
UnityEngine.Debug:ExtractStackTraceNoAlloc (byte*,int,string)
UnityEngine.StackTraceUtility:ExtractStackTrace ()
UnityEngine.Rendering.ScriptableRenderContext:Submit ()
UnityEngine.Rendering.Universal.UniversalRenderPipeline:RenderSingleCamera (UnityEngine.Rendering.ScriptableRenderContext,UnityEngine.Rendering.Universal.UniversalCameraData) (at ./Library/PackageCache/com.unity.render-pipelines.universal@73b4c4ff130e/Runtime/UniversalRenderPipeline.cs:1012)
UnityEngine.Rendering.Universal.UniversalRenderPipeline:RenderCameraStack (UnityEngine.Rendering.ScriptableRenderContext,UnityEngine.Camera,bool) (at ./Library/PackageCache/com.unity.render-pipelines.universal@73b4c4ff130e/Runtime/UniversalRenderPipeline.cs:1207)
UnityEngine.Rendering.Universal.UniversalRenderPipeline:Render (UnityEngine.Rendering.ScriptableRenderContext,System.Collections.Generic.List`1<UnityEngine.Camera>) (at ./Library/PackageCache/com.unity.render-pipelines.universal@73b4c4ff130e/Runtime/UniversalRenderPipeline.cs:611)
UnityEngine.Rendering.RenderPipeline:InternalRender (UnityEngine.Rendering.ScriptableRenderContext,System.Collections.Generic.List`1<UnityEngine.Camera>)
UnityEngine.Rendering.RenderPipelineManager:DoRenderLoop_Internal (UnityEngine.Rendering.RenderPipelineAsset,intptr,object,Unity.Collections.LowLevel.Unsafe.AtomicSafetyHandle)
UnityEngine.Camera:Render ()
AegisRTS.Editor.InfantryPhase03Revision01ReviewBuilder:Capture (UnityEngine.Camera,UnityEngine.Vector3,single,single,string) (at Assets/AegisRTS/Editor/InfantryPhase03Revision01ReviewBuilder.cs:188)
AegisRTS.Editor.InfantryPhase03Revision01ReviewBuilder:BuildAndCapture () (at Assets/AegisRTS/Editor/InfantryPhase03Revision01ReviewBuilder.cs:80)

[Assets/AegisRTS/Editor/InfantryPhase03Revision01ReviewBuilder.cs line 80]

EndRenderPass: Not inside a Renderpass
UnityEngine.Debug:ExtractStackTraceNoAlloc (byte*,int,string)
UnityEngine.StackTraceUtility:ExtractStackTrace ()
UnityEngine.Rendering.ScriptableRenderContext:Submit ()
UnityEngine.Rendering.Universal.UniversalRenderPipeline:RenderSingleCamera (UnityEngine.Rendering.ScriptableRenderContext,UnityEngine.Rendering.Universal.UniversalCameraData) (at ./Library/PackageCache/com.unity.render-pipelines.universal@73b4c4ff130e/Runtime/UniversalRenderPipeline.cs:1012)
UnityEngine.Rendering.Universal.UniversalRenderPipeline:RenderCameraStack (UnityEngine.Rendering.ScriptableRenderContext,UnityEngine.Camera,bool) (at ./Library/PackageCache/com.unity.render-pipelines.universal@73b4c4ff130e/Runtime/UniversalRenderPipeline.cs:1207)
UnityEngine.Rendering.Universal.UniversalRenderPipeline:Render (UnityEngine.Rendering.ScriptableRenderContext,System.Collections.Generic.List`1<UnityEngine.Camera>) (at ./Library/PackageCache/com.unity.render-pipelines.universal@73b4c4ff130e/Runtime/UniversalRenderPipeline.cs:611)
UnityEngine.Rendering.RenderPipeline:InternalRender (UnityEngine.Rendering.ScriptableRenderContext,System.Collections.Generic.List`1<UnityEngine.Camera>)
UnityEngine.Rendering.RenderPipelineManager:DoRenderLoop_Internal (UnityEngine.Rendering.RenderPipelineAsset,intptr,object,Unity.Collections.LowLevel.Unsafe.AtomicSafetyHandle)
UnityEngine.Camera:Render ()
AegisRTS.Editor.InfantryPhase03Revision01ReviewBuilder:Capture (UnityEngine.Camera,UnityEngine.Vector3,single,single,string) (at Assets/AegisRTS/Editor/InfantryPhase03Revision01ReviewBuilder.cs:188)
AegisRTS.Editor.InfantryPhase03Revision01ReviewBuilder:BuildAndCapture () (at Assets/AegisRTS/Editor/InfantryPhase03Revision01ReviewBuilder.cs:80)

[Assets/AegisRTS/Editor/InfantryPhase03Revision01ReviewBuilder.cs line 80]

RenderTexture.Create failed
UnityEngine.Debug:ExtractStackTraceNoAlloc (byte*,int,string)
UnityEngine.StackTraceUtility:ExtractStackTrace ()
UnityEngine.Rendering.ScriptableRenderContext:Submit ()
UnityEngine.Rendering.Universal.UniversalRenderPipeline:RenderSingleCamera (UnityEngine.Rendering.ScriptableRenderContext,UnityEngine.Rendering.Universal.UniversalCameraData) (at ./Library/PackageCache/com.unity.render-pipelines.universal@73b4c4ff130e/Runtime/UniversalRenderPipeline.cs:1012)
UnityEngine.Rendering.Universal.UniversalRenderPipeline:RenderCameraStack (UnityEngine.Rendering.ScriptableRenderContext,UnityEngine.Camera,bool) (at ./Library/PackageCache/com.unity.render-pipelines.universal@73b4c4ff130e/Runtime/UniversalRenderPipeline.cs:1207)
UnityEngine.Rendering.Universal.UniversalRenderPipeline:Render (UnityEngine.Rendering.ScriptableRenderContext,System.Collections.Generic.List`1<UnityEngine.Camera>) (at ./Library/PackageCache/com.unity.render-pipelines.universal@73b4c4ff130e/Runtime/UniversalRenderPipeline.cs:611)
UnityEngine.Rendering.RenderPipeline:InternalRender (UnityEngine.Rendering.ScriptableRenderContext,System.Collections.Generic.List`1<UnityEngine.Camera>)
UnityEngine.Rendering.RenderPipelineManager:DoRenderLoop_Internal (UnityEngine.Rendering.RenderPipelineAsset,intptr,object,Unity.Collections.LowLevel.Unsafe.AtomicSafetyHandle)
UnityEngine.Camera:Render ()
AegisRTS.Editor.InfantryPhase03Revision01ReviewBuilder:Capture (UnityEngine.Camera,UnityEngine.Vector3,single,single,string) (at Assets/AegisRTS/Editor/InfantryPhase03Revision01ReviewBuilder.cs:188)
AegisRTS.Editor.InfantryPhase03Revision01ReviewBuilder:BuildAndCapture () (at Assets/AegisRTS/Editor/InfantryPhase03Revision01ReviewBuilder.cs:80)

[Assets/AegisRTS/Editor/InfantryPhase03Revision01ReviewBuilder.cs line 80]

RenderTexture.Create failed
UnityEngine.Debug:ExtractStackTraceNoAlloc (byte*,int,string)
UnityEngine.StackTraceUtility:ExtractStackTrace ()
UnityEngine.Rendering.ScriptableRenderContext:Submit ()
UnityEngine.Rendering.Universal.UniversalRenderPipeline:RenderSingleCamera (UnityEngine.Rendering.ScriptableRenderContext,UnityEngine.Rendering.Universal.UniversalCameraData) (at ./Library/PackageCache/com.unity.render-pipelines.universal@73b4c4ff130e/Runtime/UniversalRenderPipeline.cs:1012)
UnityEngine.Rendering.Universal.UniversalRenderPipeline:RenderCameraStack (UnityEngine.Rendering.ScriptableRenderContext,UnityEngine.Camera,bool) (at ./Library/PackageCache/com.unity.render-pipelines.universal@73b4c4ff130e/Runtime/UniversalRenderPipeline.cs:1207)
UnityEngine.Rendering.Universal.UniversalRenderPipeline:Render (UnityEngine.Rendering.ScriptableRenderContext,System.Collections.Generic.List`1<UnityEngine.Camera>) (at ./Library/PackageCache/com.unity.render-pipelines.universal@73b4c4ff130e/Runtime/UniversalRenderPipeline.cs:611)
UnityEngine.Rendering.RenderPipeline:InternalRender (UnityEngine.Rendering.ScriptableRenderContext,System.Collections.Generic.List`1<UnityEngine.Camera>)
UnityEngine.Rendering.RenderPipelineManager:DoRenderLoop_Internal (UnityEngine.Rendering.RenderPipelineAsset,intptr,object,Unity.Collections.LowLevel.Unsafe.AtomicSafetyHandle)
UnityEngine.Camera:Render ()
AegisRTS.Editor.InfantryPhase03Revision01ReviewBuilder:Capture (UnityEngine.Camera,UnityEngine.Vector3,single,single,string) (at Assets/AegisRTS/Editor/InfantryPhase03Revision01ReviewBuilder.cs:188)
AegisRTS.Editor.InfantryPhase03Revision01ReviewBuilder:BuildAndCapture () (at Assets/AegisRTS/Editor/InfantryPhase03Revision01ReviewBuilder.cs:80)

[Assets/AegisRTS/Editor/InfantryPhase03Revision01ReviewBuilder.cs line 80]

RenderTexture.Create failed
UnityEngine.Debug:ExtractStackTraceNoAlloc (byte*,int,string)
UnityEngine.StackTraceUtility:ExtractStackTrace ()
UnityEngine.Rendering.ScriptableRenderContext:Submit ()
UnityEngine.Rendering.Universal.UniversalRenderPipeline:RenderSingleCamera (UnityEngine.Rendering.ScriptableRenderContext,UnityEngine.Rendering.Universal.UniversalCameraData) (at ./Library/PackageCache/com.unity.render-pipelines.universal@73b4c4ff130e/Runtime/UniversalRenderPipeline.cs:1012)
UnityEngine.Rendering.Universal.UniversalRenderPipeline:RenderCameraStack (UnityEngine.Rendering.ScriptableRenderContext,UnityEngine.Camera,bool) (at ./Library/PackageCache/com.unity.render-pipelines.universal@73b4c4ff130e/Runtime/UniversalRenderPipeline.cs:1207)
UnityEngine.Rendering.Universal.UniversalRenderPipeline:Render (UnityEngine.Rendering.ScriptableRenderContext,System.Collections.Generic.List`1<UnityEngine.Camera>) (at ./Library/PackageCache/com.unity.render-pipelines.universal@73b4c4ff130e/Runtime/UniversalRenderPipeline.cs:611)
UnityEngine.Rendering.RenderPipeline:InternalRender (UnityEngine.Rendering.ScriptableRenderContext,System.Collections.Generic.List`1<UnityEngine.Camera>)
UnityEngine.Rendering.RenderPipelineManager:DoRenderLoop_Internal (UnityEngine.Rendering.RenderPipelineAsset,intptr,object,Unity.Collections.LowLevel.Unsafe.AtomicSafetyHandle)
UnityEngine.Camera:Render ()
AegisRTS.Editor.InfantryPhase03Revision01ReviewBuilder:Capture (UnityEngine.Camera,UnityEngine.Vector3,single,single,string) (at Assets/AegisRTS/Editor/InfantryPhase03Revision01ReviewBuilder.cs:188)
AegisRTS.Editor.InfantryPhase03Revision01ReviewBuilder:BuildAndCapture () (at Assets/AegisRTS/Editor/InfantryPhase03Revision01ReviewBuilder.cs:80)

[Assets/AegisRTS/Editor/InfantryPhase03Revision01ReviewBuilder.cs line 80]

DrawOpaqueObjects: Unable to find surface for attachment 0
UnityEngine.Debug:ExtractStackTraceNoAlloc (byte*,int,string)
UnityEngine.StackTraceUtility:ExtractStackTrace ()
UnityEngine.Rendering.ScriptableRenderContext:Submit ()
UnityEngine.Rendering.Universal.UniversalRenderPipeline:RenderSingleCamera (UnityEngine.Rendering.ScriptableRenderContext,UnityEngine.Rendering.Universal.UniversalCameraData) (at ./Library/PackageCache/com.unity.render-pipelines.universal@73b4c4ff130e/Runtime/UniversalRenderPipeline.cs:1012)
UnityEngine.Rendering.Universal.UniversalRenderPipeline:RenderCameraStack (UnityEngine.Rendering.ScriptableRenderContext,UnityEngine.Camera,bool) (at ./Library/PackageCache/com.unity.render-pipelines.universal@73b4c4ff130e/Runtime/UniversalRenderPipeline.cs:1207)
UnityEngine.Rendering.Universal.UniversalRenderPipeline:Render (UnityEngine.Rendering.ScriptableRenderContext,System.Collections.Generic.List`1<UnityEngine.Camera>) (at ./Library/PackageCache/com.unity.render-pipelines.universal@73b4c4ff130e/Runtime/UniversalRenderPipeline.cs:611)
UnityEngine.Rendering.RenderPipeline:InternalRender (UnityEngine.Rendering.ScriptableRenderContext,System.Collections.Generic.List`1<UnityEngine.Camera>)
UnityEngine.Rendering.RenderPipelineManager:DoRenderLoop_Internal (UnityEngine.Rendering.RenderPipelineAsset,intptr,object,Unity.Collections.LowLevel.Unsafe.AtomicSafetyHandle)
UnityEngine.Camera:Render ()
AegisRTS.Editor.InfantryPhase03Revision01ReviewBuilder:Capture (UnityEngine.Camera,UnityEngine.Vector3,single,single,string) (at Assets/AegisRTS/Editor/InfantryPhase03Revision01ReviewBuilder.cs:188)
AegisRTS.Editor.InfantryPhase03Revision01ReviewBuilder:BuildAndCapture () (at Assets/AegisRTS/Editor/InfantryPhase03Revision01ReviewBuilder.cs:80)

[Assets/AegisRTS/Editor/InfantryPhase03Revision01ReviewBuilder.cs line 80]

EndRenderPass: Not inside a Renderpass
UnityEngine.Debug:ExtractStackTraceNoAlloc (byte*,int,string)
UnityEngine.StackTraceUtility:ExtractStackTrace ()
UnityEngine.Rendering.ScriptableRenderContext:Submit ()
UnityEngine.Rendering.Universal.UniversalRenderPipeline:RenderSingleCamera (UnityEngine.Rendering.ScriptableRenderContext,UnityEngine.Rendering.Universal.UniversalCameraData) (at ./Library/PackageCache/com.unity.render-pipelines.universal@73b4c4ff130e/Runtime/UniversalRenderPipeline.cs:1012)
UnityEngine.Rendering.Universal.UniversalRenderPipeline:RenderCameraStack (UnityEngine.Rendering.ScriptableRenderContext,UnityEngine.Camera,bool) (at ./Library/PackageCache/com.unity.render-pipelines.universal@73b4c4ff130e/Runtime/UniversalRenderPipeline.cs:1207)
UnityEngine.Rendering.Universal.UniversalRenderPipeline:Render (UnityEngine.Rendering.ScriptableRenderContext,System.Collections.Generic.List`1<UnityEngine.Camera>) (at ./Library/PackageCache/com.unity.render-pipelines.universal@73b4c4ff130e/Runtime/UniversalRenderPipeline.cs:611)
UnityEngine.Rendering.RenderPipeline:InternalRender (UnityEngine.Rendering.ScriptableRenderContext,System.Collections.Generic.List`1<UnityEngine.Camera>)
UnityEngine.Rendering.RenderPipelineManager:DoRenderLoop_Internal (UnityEngine.Rendering.RenderPipelineAsset,intptr,object,Unity.Collections.LowLevel.Unsafe.AtomicSafetyHandle)
UnityEngine.Camera:Render ()
AegisRTS.Editor.InfantryPhase03Revision01ReviewBuilder:Capture (UnityEngine.Camera,UnityEngine.Vector3,single,single,string) (at Assets/AegisRTS/Editor/InfantryPhase03Revision01ReviewBuilder.cs:188)
AegisRTS.Editor.InfantryPhase03Revision01ReviewBuilder:BuildAndCapture () (at Assets/AegisRTS/Editor/InfantryPhase03Revision01ReviewBuilder.cs:80)

[Assets/AegisRTS/Editor/InfantryPhase03Revision01ReviewBuilder.cs line 80]

RenderTexture.Create failed
UnityEngine.Debug:ExtractStackTraceNoAlloc (byte*,int,string)
UnityEngine.StackTraceUtility:ExtractStackTrace ()
UnityEngine.Rendering.ScriptableRenderContext:Submit ()
UnityEngine.Rendering.Universal.UniversalRenderPipeline:RenderSingleCamera (UnityEngine.Rendering.ScriptableRenderContext,UnityEngine.Rendering.Universal.UniversalCameraData) (at ./Library/PackageCache/com.unity.render-pipelines.universal@73b4c4ff130e/Runtime/UniversalRenderPipeline.cs:1012)
UnityEngine.Rendering.Universal.UniversalRenderPipeline:RenderCameraStack (UnityEngine.Rendering.ScriptableRenderContext,UnityEngine.Camera,bool) (at ./Library/PackageCache/com.unity.render-pipelines.universal@73b4c4ff130e/Runtime/UniversalRenderPipeline.cs:1207)
UnityEngine.Rendering.Universal.UniversalRenderPipeline:Render (UnityEngine.Rendering.ScriptableRenderContext,System.Collections.Generic.List`1<UnityEngine.Camera>) (at ./Library/PackageCache/com.unity.render-pipelines.universal@73b4c4ff130e/Runtime/UniversalRenderPipeline.cs:611)
UnityEngine.Rendering.RenderPipeline:InternalRender (UnityEngine.Rendering.ScriptableRenderContext,System.Collections.Generic.List`1<UnityEngine.Camera>)
UnityEngine.Rendering.RenderPipelineManager:DoRenderLoop_Internal (UnityEngine.Rendering.RenderPipelineAsset,intptr,object,Unity.Collections.LowLevel.Unsafe.AtomicSafetyHandle)
UnityEngine.Camera:Render ()
AegisRTS.Editor.InfantryPhase03Revision01ReviewBuilder:Capture (UnityEngine.Camera,UnityEngine.Vector3,single,single,string) (at Assets/AegisRTS/Editor/InfantryPhase03Revision01ReviewBuilder.cs:188)
AegisRTS.Editor.InfantryPhase03Revision01ReviewBuilder:BuildAndCapture () (at Assets/AegisRTS/Editor/InfantryPhase03Revision01ReviewBuilder.cs:80)

[Assets/AegisRTS/Editor/InfantryPhase03Revision01ReviewBuilder.cs line 80]

RenderTexture.Create failed
UnityEngine.Debug:ExtractStackTraceNoAlloc (byte*,int,string)
UnityEngine.StackTraceUtility:ExtractStackTrace ()
UnityEngine.Rendering.ScriptableRenderContext:Submit ()
UnityEngine.Rendering.Universal.UniversalRenderPipeline:RenderSingleCamera (UnityEngine.Rendering.ScriptableRenderContext,UnityEngine.Rendering.Universal.UniversalCameraData) (at ./Library/PackageCache/com.unity.render-pipelines.universal@73b4c4ff130e/Runtime/UniversalRenderPipeline.cs:1012)
UnityEngine.Rendering.Universal.UniversalRenderPipeline:RenderCameraStack (UnityEngine.Rendering.ScriptableRenderContext,UnityEngine.Camera,bool) (at ./Library/PackageCache/com.unity.render-pipelines.universal@73b4c4ff130e/Runtime/UniversalRenderPipeline.cs:1207)
UnityEngine.Rendering.Universal.UniversalRenderPipeline:Render (UnityEngine.Rendering.ScriptableRenderContext,System.Collections.Generic.List`1<UnityEngine.Camera>) (at ./Library/PackageCache/com.unity.render-pipelines.universal@73b4c4ff130e/Runtime/UniversalRenderPipeline.cs:611)
UnityEngine.Rendering.RenderPipeline:InternalRender (UnityEngine.Rendering.ScriptableRenderContext,System.Collections.Generic.List`1<UnityEngine.Camera>)
UnityEngine.Rendering.RenderPipelineManager:DoRenderLoop_Internal (UnityEngine.Rendering.RenderPipelineAsset,intptr,object,Unity.Collections.LowLevel.Unsafe.AtomicSafetyHandle)
UnityEngine.Camera:Render ()
AegisRTS.Editor.InfantryPhase03Revision01ReviewBuilder:Capture (UnityEngine.Camera,UnityEngine.Vector3,single,single,string) (at Assets/AegisRTS/Editor/InfantryPhase03Revision01ReviewBuilder.cs:188)
AegisRTS.Editor.InfantryPhase03Revision01ReviewBuilder:BuildAndCapture () (at Assets/AegisRTS/Editor/InfantryPhase03Revision01ReviewBuilder.cs:80)

[Assets/AegisRTS/Editor/InfantryPhase03Revision01ReviewBuilder.cs line 80]

RenderTexture.Create failed
UnityEngine.Debug:ExtractStackTraceNoAlloc (byte*,int,string)
UnityEngine.StackTraceUtility:ExtractStackTrace ()
UnityEngine.Rendering.ScriptableRenderContext:Submit ()
UnityEngine.Rendering.Universal.UniversalRenderPipeline:RenderSingleCamera (UnityEngine.Rendering.ScriptableRenderContext,UnityEngine.Rendering.Universal.UniversalCameraData) (at ./Library/PackageCache/com.unity.render-pipelines.universal@73b4c4ff130e/Runtime/UniversalRenderPipeline.cs:1012)
UnityEngine.Rendering.Universal.UniversalRenderPipeline:RenderCameraStack (UnityEngine.Rendering.ScriptableRenderContext,UnityEngine.Camera,bool) (at ./Library/PackageCache/com.unity.render-pipelines.universal@73b4c4ff130e/Runtime/UniversalRenderPipeline.cs:1207)
UnityEngine.Rendering.Universal.UniversalRenderPipeline:Render (UnityEngine.Rendering.ScriptableRenderContext,System.Collections.Generic.List`1<UnityEngine.Camera>) (at ./Library/PackageCache/com.unity.render-pipelines.universal@73b4c4ff130e/Runtime/UniversalRenderPipeline.cs:611)
UnityEngine.Rendering.RenderPipeline:InternalRender (UnityEngine.Rendering.ScriptableRenderContext,System.Collections.Generic.List`1<UnityEngine.Camera>)
UnityEngine.Rendering.RenderPipelineManager:DoRenderLoop_Internal (UnityEngine.Rendering.RenderPipelineAsset,intptr,object,Unity.Collections.LowLevel.Unsafe.AtomicSafetyHandle)
UnityEngine.Camera:Render ()
AegisRTS.Editor.InfantryPhase03Revision01ReviewBuilder:Capture (UnityEngine.Camera,UnityEngine.Vector3,single,single,string) (at Assets/AegisRTS/Editor/InfantryPhase03Revision01ReviewBuilder.cs:188)
AegisRTS.Editor.InfantryPhase03Revision01ReviewBuilder:BuildAndCapture () (at Assets/AegisRTS/Editor/InfantryPhase03Revision01ReviewBuilder.cs:80)

[Assets/AegisRTS/Editor/InfantryPhase03Revision01ReviewBuilder.cs line 80]

DrawTransparentObjects: Unable to find surface for attachment 0
UnityEngine.Debug:ExtractStackTraceNoAlloc (byte*,int,string)
UnityEngine.StackTraceUtility:ExtractStackTrace ()
UnityEngine.Rendering.ScriptableRenderContext:Submit ()
UnityEngine.Rendering.Universal.UniversalRenderPipeline:RenderSingleCamera (UnityEngine.Rendering.ScriptableRenderContext,UnityEngine.Rendering.Universal.UniversalCameraData) (at ./Library/PackageCache/com.unity.render-pipelines.universal@73b4c4ff130e/Runtime/UniversalRenderPipeline.cs:1012)
UnityEngine.Rendering.Universal.UniversalRenderPipeline:RenderCameraStack (UnityEngine.Rendering.ScriptableRenderContext,UnityEngine.Camera,bool) (at ./Library/PackageCache/com.unity.render-pipelines.universal@73b4c4ff130e/Runtime/UniversalRenderPipeline.cs:1207)
UnityEngine.Rendering.Universal.UniversalRenderPipeline:Render (UnityEngine.Rendering.ScriptableRenderContext,System.Collections.Generic.List`1<UnityEngine.Camera>) (at ./Library/PackageCache/com.unity.render-pipelines.universal@73b4c4ff130e/Runtime/UniversalRenderPipeline.cs:611)
UnityEngine.Rendering.RenderPipeline:InternalRender (UnityEngine.Rendering.ScriptableRenderContext,System.Collections.Generic.List`1<UnityEngine.Camera>)
UnityEngine.Rendering.RenderPipelineManager:DoRenderLoop_Internal (UnityEngine.Rendering.RenderPipelineAsset,intptr,object,Unity.Collections.LowLevel.Unsafe.AtomicSafetyHandle)
UnityEngine.Camera:Render ()
AegisRTS.Editor.InfantryPhase03Revision01ReviewBuilder:Capture (UnityEngine.Camera,UnityEngine.Vector3,single,single,string) (at Assets/AegisRTS/Editor/InfantryPhase03Revision01ReviewBuilder.cs:188)
AegisRTS.Editor.InfantryPhase03Revision01ReviewBuilder:BuildAndCapture () (at Assets/AegisRTS/Editor/InfantryPhase03Revision01ReviewBuilder.cs:80)

[Assets/AegisRTS/Editor/InfantryPhase03Revision01ReviewBuilder.cs line 80]

EndRenderPass: Not inside a Renderpass
UnityEngine.Debug:ExtractStackTraceNoAlloc (byte*,int,string)
UnityEngine.StackTraceUtility:ExtractStackTrace ()
UnityEngine.Rendering.ScriptableRenderContext:Submit ()
UnityEngine.Rendering.Universal.UniversalRenderPipeline:RenderSingleCamera (UnityEngine.Rendering.ScriptableRenderContext,UnityEngine.Rendering.Universal.UniversalCameraData) (at ./Library/PackageCache/com.unity.render-pipelines.universal@73b4c4ff130e/Runtime/UniversalRenderPipeline.cs:1012)
UnityEngine.Rendering.Universal.UniversalRenderPipeline:RenderCameraStack (UnityEngine.Rendering.ScriptableRenderContext,UnityEngine.Camera,bool) (at ./Library/PackageCache/com.unity.render-pipelines.universal@73b4c4ff130e/Runtime/UniversalRenderPipeline.cs:1207)
UnityEngine.Rendering.Universal.UniversalRenderPipeline:Render (UnityEngine.Rendering.ScriptableRenderContext,System.Collections.Generic.List`1<UnityEngine.Camera>) (at ./Library/PackageCache/com.unity.render-pipelines.universal@73b4c4ff130e/Runtime/UniversalRenderPipeline.cs:611)
UnityEngine.Rendering.RenderPipeline:InternalRender (UnityEngine.Rendering.ScriptableRenderContext,System.Collections.Generic.List`1<UnityEngine.Camera>)
UnityEngine.Rendering.RenderPipelineManager:DoRenderLoop_Internal (UnityEngine.Rendering.RenderPipelineAsset,intptr,object,Unity.Collections.LowLevel.Unsafe.AtomicSafetyHandle)
UnityEngine.Camera:Render ()
AegisRTS.Editor.InfantryPhase03Revision01ReviewBuilder:Capture (UnityEngine.Camera,UnityEngine.Vector3,single,single,string) (at Assets/AegisRTS/Editor/InfantryPhase03Revision01ReviewBuilder.cs:188)
AegisRTS.Editor.InfantryPhase03Revision01ReviewBuilder:BuildAndCapture () (at Assets/AegisRTS/Editor/InfantryPhase03Revision01ReviewBuilder.cs:80)

[Assets/AegisRTS/Editor/InfantryPhase03Revision01ReviewBuilder.cs line 80]

BlitFinalToBackBuffer: Attachment 0 was created with 1 samples but 4 samples were requested.
UnityEngine.Debug:ExtractStackTraceNoAlloc (byte*,int,string)
UnityEngine.StackTraceUtility:ExtractStackTrace ()
UnityEngine.Rendering.ScriptableRenderContext:Submit ()
UnityEngine.Rendering.Universal.UniversalRenderPipeline:RenderSingleCamera (UnityEngine.Rendering.ScriptableRenderContext,UnityEngine.Rendering.Universal.UniversalCameraData) (at ./Library/PackageCache/com.unity.render-pipelines.universal@73b4c4ff130e/Runtime/UniversalRenderPipeline.cs:1012)
UnityEngine.Rendering.Universal.UniversalRenderPipeline:RenderCameraStack (UnityEngine.Rendering.ScriptableRenderContext,UnityEngine.Camera,bool) (at ./Library/PackageCache/com.unity.render-pipelines.universal@73b4c4ff130e/Runtime/UniversalRenderPipeline.cs:1207)
UnityEngine.Rendering.Universal.UniversalRenderPipeline:Render (UnityEngine.Rendering.ScriptableRenderContext,System.Collections.Generic.List`1<UnityEngine.Camera>) (at ./Library/PackageCache/com.unity.render-pipelines.universal@73b4c4ff130e/Runtime/UniversalRenderPipeline.cs:611)
UnityEngine.Rendering.RenderPipeline:InternalRender (UnityEngine.Rendering.ScriptableRenderContext,System.Collections.Generic.List`1<UnityEngine.Camera>)
UnityEngine.Rendering.RenderPipelineManager:DoRenderLoop_Internal (UnityEngine.Rendering.RenderPipelineAsset,intptr,object,Unity.Collections.LowLevel.Unsafe.AtomicSafetyHandle)
UnityEngine.Camera:Render ()
AegisRTS.Editor.InfantryPhase03Revision01ReviewBuilder:Capture (UnityEngine.Camera,UnityEngine.Vector3,single,single,string) (at Assets/AegisRTS/Editor/InfantryPhase03Revision01ReviewBuilder.cs:188)
AegisRTS.Editor.InfantryPhase03Revision01ReviewBuilder:BuildAndCapture () (at Assets/AegisRTS/Editor/InfantryPhase03Revision01ReviewBuilder.cs:80)

[Assets/AegisRTS/Editor/InfantryPhase03Revision01ReviewBuilder.cs line 80]

EndRenderPass: Not inside a Renderpass
UnityEngine.Debug:ExtractStackTraceNoAlloc (byte*,int,string)
UnityEngine.StackTraceUtility:ExtractStackTrace ()
UnityEngine.Rendering.ScriptableRenderContext:Submit ()
UnityEngine.Rendering.Universal.UniversalRenderPipeline:RenderSingleCamera (UnityEngine.Rendering.ScriptableRenderContext,UnityEngine.Rendering.Universal.UniversalCameraData) (at ./Library/PackageCache/com.unity.render-pipelines.universal@73b4c4ff130e/Runtime/UniversalRenderPipeline.cs:1012)
UnityEngine.Rendering.Universal.UniversalRenderPipeline:RenderCameraStack (UnityEngine.Rendering.ScriptableRenderContext,UnityEngine.Camera,bool) (at ./Library/PackageCache/com.unity.render-pipelines.universal@73b4c4ff130e/Runtime/UniversalRenderPipeline.cs:1207)
UnityEngine.Rendering.Universal.UniversalRenderPipeline:Render (UnityEngine.Rendering.ScriptableRenderContext,System.Collections.Generic.List`1<UnityEngine.Camera>) (at ./Library/PackageCache/com.unity.render-pipelines.universal@73b4c4ff130e/Runtime/UniversalRenderPipeline.cs:611)
UnityEngine.Rendering.RenderPipeline:InternalRender (UnityEngine.Rendering.ScriptableRenderContext,System.Collections.Generic.List`1<UnityEngine.Camera>)
UnityEngine.Rendering.RenderPipelineManager:DoRenderLoop_Internal (UnityEngine.Rendering.RenderPipelineAsset,intptr,object,Unity.Collections.LowLevel.Unsafe.AtomicSafetyHandle)
UnityEngine.Camera:Render ()
AegisRTS.Editor.InfantryPhase03Revision01ReviewBuilder:Capture (UnityEngine.Camera,UnityEngine.Vector3,single,single,string) (at Assets/AegisRTS/Editor/InfantryPhase03Revision01ReviewBuilder.cs:188)
AegisRTS.Editor.InfantryPhase03Revision01ReviewBuilder:BuildAndCapture () (at Assets/AegisRTS/Editor/InfantryPhase03Revision01ReviewBuilder.cs:80)

[Assets/AegisRTS/Editor/InfantryPhase03Revision01ReviewBuilder.cs line 80]

SetConstantBuffer: The current renderer does not support constant buffers. This call will have no effect.
UnityEngine.Debug:ExtractStackTraceNoAlloc (byte*,int,string)
UnityEngine.StackTraceUtility:ExtractStackTrace ()
UnityEngine.Rendering.ScriptableRenderContext:Submit ()
UnityEngine.Rendering.Universal.UniversalRenderPipeline:RenderSingleCamera (UnityEngine.Rendering.ScriptableRenderContext,UnityEngine.Rendering.Universal.UniversalCameraData) (at ./Library/PackageCache/com.unity.render-pipelines.universal@73b4c4ff130e/Runtime/UniversalRenderPipeline.cs:1012)
UnityEngine.Rendering.Universal.UniversalRenderPipeline:RenderCameraStack (UnityEngine.Rendering.ScriptableRenderContext,UnityEngine.Camera,bool) (at ./Library/PackageCache/com.unity.render-pipelines.universal@73b4c4ff130e/Runtime/UniversalRenderPipeline.cs:1207)
UnityEngine.Rendering.Universal.UniversalRenderPipeline:Render (UnityEngine.Rendering.ScriptableRenderContext,System.Collections.Generic.List`1<UnityEngine.Camera>) (at ./Library/PackageCache/com.unity.render-pipelines.universal@73b4c4ff130e/Runtime/UniversalRenderPipeline.cs:611)
UnityEngine.Rendering.RenderPipeline:InternalRender (UnityEngine.Rendering.ScriptableRenderContext,System.Collections.Generic.List`1<UnityEngine.Camera>)
UnityEngine.Rendering.RenderPipelineManager:DoRenderLoop_Internal (UnityEngine.Rendering.RenderPipelineAsset,intptr,object,Unity.Collections.LowLevel.Unsafe.AtomicSafetyHandle)
UnityEngine.Camera:Render ()
AegisRTS.Editor.InfantryPhase03Revision01ReviewBuilder:Capture (UnityEngine.Camera,UnityEngine.Vector3,single,single,string) (at Assets/AegisRTS/Editor/InfantryPhase03Revision01ReviewBuilder.cs:188)
AegisRTS.Editor.InfantryPhase03Revision01ReviewBuilder:BuildAndCapture () (at Assets/AegisRTS/Editor/InfantryPhase03Revision01ReviewBuilder.cs:81)

[Assets/AegisRTS/Editor/InfantryPhase03Revision01ReviewBuilder.cs line 81]

SetConstantBuffer: The current renderer does not support constant buffers. This call will have no effect.
UnityEngine.Debug:ExtractStackTraceNoAlloc (byte*,int,string)
UnityEngine.StackTraceUtility:ExtractStackTrace ()
UnityEngine.Rendering.ScriptableRenderContext:Submit ()
UnityEngine.Rendering.Universal.UniversalRenderPipeline:RenderSingleCamera (UnityEngine.Rendering.ScriptableRenderContext,UnityEngine.Rendering.Universal.UniversalCameraData) (at ./Library/PackageCache/com.unity.render-pipelines.universal@73b4c4ff130e/Runtime/UniversalRenderPipeline.cs:1012)
UnityEngine.Rendering.Universal.UniversalRenderPipeline:RenderCameraStack (UnityEngine.Rendering.ScriptableRenderContext,UnityEngine.Camera,bool) (at ./Library/PackageCache/com.unity.render-pipelines.universal@73b4c4ff130e/Runtime/UniversalRenderPipeline.cs:1207)
UnityEngine.Rendering.Universal.UniversalRenderPipeline:Render (UnityEngine.Rendering.ScriptableRenderContext,System.Collections.Generic.List`1<UnityEngine.Camera>) (at ./Library/PackageCache/com.unity.render-pipelines.universal@73b4c4ff130e/Runtime/UniversalRenderPipeline.cs:611)
UnityEngine.Rendering.RenderPipeline:InternalRender (UnityEngine.Rendering.ScriptableRenderContext,System.Collections.Generic.List`1<UnityEngine.Camera>)
UnityEngine.Rendering.RenderPipelineManager:DoRenderLoop_Internal (UnityEngine.Rendering.RenderPipelineAsset,intptr,object,Unity.Collections.LowLevel.Unsafe.AtomicSafetyHandle)
UnityEngine.Camera:Render ()
AegisRTS.Editor.InfantryPhase03Revision01ReviewBuilder:Capture (UnityEngine.Camera,UnityEngine.Vector3,single,single,string) (at Assets/AegisRTS/Editor/InfantryPhase03Revision01ReviewBuilder.cs:188)
AegisRTS.Editor.InfantryPhase03Revision01ReviewBuilder:BuildAndCapture () (at Assets/AegisRTS/Editor/InfantryPhase03Revision01ReviewBuilder.cs:81)

[Assets/AegisRTS/Editor/InfantryPhase03Revision01ReviewBuilder.cs line 81]

RenderTexture.Create failed
UnityEngine.Debug:ExtractStackTraceNoAlloc (byte*,int,string)
UnityEngine.StackTraceUtility:ExtractStackTrace ()
UnityEngine.Rendering.ScriptableRenderContext:Submit ()
UnityEngine.Rendering.Universal.UniversalRenderPipeline:RenderSingleCamera (UnityEngine.Rendering.ScriptableRenderContext,UnityEngine.Rendering.Universal.UniversalCameraData) (at ./Library/PackageCache/com.unity.render-pipelines.universal@73b4c4ff130e/Runtime/UniversalRenderPipeline.cs:1012)
UnityEngine.Rendering.Universal.UniversalRenderPipeline:RenderCameraStack (UnityEngine.Rendering.ScriptableRenderContext,UnityEngine.Camera,bool) (at ./Library/PackageCache/com.unity.render-pipelines.universal@73b4c4ff130e/Runtime/UniversalRenderPipeline.cs:1207)
UnityEngine.Rendering.Universal.UniversalRenderPipeline:Render (UnityEngine.Rendering.ScriptableRenderContext,System.Collections.Generic.List`1<UnityEngine.Camera>) (at ./Library/PackageCache/com.unity.render-pipelines.universal@73b4c4ff130e/Runtime/UniversalRenderPipeline.cs:611)
UnityEngine.Rendering.RenderPipeline:InternalRender (UnityEngine.Rendering.ScriptableRenderContext,System.Collections.Generic.List`1<UnityEngine.Camera>)
UnityEngine.Rendering.RenderPipelineManager:DoRenderLoop_Internal (UnityEngine.Rendering.RenderPipelineAsset,intptr,object,Unity.Collections.LowLevel.Unsafe.AtomicSafetyHandle)
UnityEngine.Camera:Render ()
AegisRTS.Editor.InfantryPhase03Revision01ReviewBuilder:Capture (UnityEngine.Camera,UnityEngine.Vector3,single,single,string) (at Assets/AegisRTS/Editor/InfantryPhase03Revision01ReviewBuilder.cs:188)
AegisRTS.Editor.InfantryPhase03Revision01ReviewBuilder:BuildAndCapture () (at Assets/AegisRTS/Editor/InfantryPhase03Revision01ReviewBuilder.cs:81)

[Assets/AegisRTS/Editor/InfantryPhase03Revision01ReviewBuilder.cs line 81]

RenderTexture.Create failed
UnityEngine.Debug:ExtractStackTraceNoAlloc (byte*,int,string)
UnityEngine.StackTraceUtility:ExtractStackTrace ()
UnityEngine.Rendering.ScriptableRenderContext:Submit ()
UnityEngine.Rendering.Universal.UniversalRenderPipeline:RenderSingleCamera (UnityEngine.Rendering.ScriptableRenderContext,UnityEngine.Rendering.Universal.UniversalCameraData) (at ./Library/PackageCache/com.unity.render-pipelines.universal@73b4c4ff130e/Runtime/UniversalRenderPipeline.cs:1012)
UnityEngine.Rendering.Universal.UniversalRenderPipeline:RenderCameraStack (UnityEngine.Rendering.ScriptableRenderContext,UnityEngine.Camera,bool) (at ./Library/PackageCache/com.unity.render-pipelines.universal@73b4c4ff130e/Runtime/UniversalRenderPipeline.cs:1207)
UnityEngine.Rendering.Universal.UniversalRenderPipeline:Render (UnityEngine.Rendering.ScriptableRenderContext,System.Collections.Generic.List`1<UnityEngine.Camera>) (at ./Library/PackageCache/com.unity.render-pipelines.universal@73b4c4ff130e/Runtime/UniversalRenderPipeline.cs:611)
UnityEngine.Rendering.RenderPipeline:InternalRender (UnityEngine.Rendering.ScriptableRenderContext,System.Collections.Generic.List`1<UnityEngine.Camera>)
UnityEngine.Rendering.RenderPipelineManager:DoRenderLoop_Internal (UnityEngine.Rendering.RenderPipelineAsset,intptr,object,Unity.Collections.LowLevel.Unsafe.AtomicSafetyHandle)
UnityEngine.Camera:Render ()
AegisRTS.Editor.InfantryPhase03Revision01ReviewBuilder:Capture (UnityEngine.Camera,UnityEngine.Vector3,single,single,string) (at Assets/AegisRTS/Editor/InfantryPhase03Revision01ReviewBuilder.cs:188)
AegisRTS.Editor.InfantryPhase03Revision01ReviewBuilder:BuildAndCapture () (at Assets/AegisRTS/Editor/InfantryPhase03Revision01ReviewBuilder.cs:81)

[Assets/AegisRTS/Editor/InfantryPhase03Revision01ReviewBuilder.cs line 81]

RenderTexture.Create failed
UnityEngine.Debug:ExtractStackTraceNoAlloc (byte*,int,string)
UnityEngine.StackTraceUtility:ExtractStackTrace ()
UnityEngine.Rendering.ScriptableRenderContext:Submit ()
UnityEngine.Rendering.Universal.UniversalRenderPipeline:RenderSingleCamera (UnityEngine.Rendering.ScriptableRenderContext,UnityEngine.Rendering.Universal.UniversalCameraData) (at ./Library/PackageCache/com.unity.render-pipelines.universal@73b4c4ff130e/Runtime/UniversalRenderPipeline.cs:1012)
UnityEngine.Rendering.Universal.UniversalRenderPipeline:RenderCameraStack (UnityEngine.Rendering.ScriptableRenderContext,UnityEngine.Camera,bool) (at ./Library/PackageCache/com.unity.render-pipelines.universal@73b4c4ff130e/Runtime/UniversalRenderPipeline.cs:1207)
UnityEngine.Rendering.Universal.UniversalRenderPipeline:Render (UnityEngine.Rendering.ScriptableRenderContext,System.Collections.Generic.List`1<UnityEngine.Camera>) (at ./Library/PackageCache/com.unity.render-pipelines.universal@73b4c4ff130e/Runtime/UniversalRenderPipeline.cs:611)
UnityEngine.Rendering.RenderPipeline:InternalRender (UnityEngine.Rendering.ScriptableRenderContext,System.Collections.Generic.List`1<UnityEngine.Camera>)
UnityEngine.Rendering.RenderPipelineManager:DoRenderLoop_Internal (UnityEngine.Rendering.RenderPipelineAsset,intptr,object,Unity.Collections.LowLevel.Unsafe.AtomicSafetyHandle)
UnityEngine.Camera:Render ()
AegisRTS.Editor.InfantryPhase03Revision01ReviewBuilder:Capture (UnityEngine.Camera,UnityEngine.Vector3,single,single,string) (at Assets/AegisRTS/Editor/InfantryPhase03Revision01ReviewBuilder.cs:188)
AegisRTS.Editor.InfantryPhase03Revision01ReviewBuilder:BuildAndCapture () (at Assets/AegisRTS/Editor/InfantryPhase03Revision01ReviewBuilder.cs:81)

[Assets/AegisRTS/Editor/InfantryPhase03Revision01ReviewBuilder.cs line 81]

DrawDepthNormalPrepass: Unable to find surface for attachment 0
UnityEngine.Debug:ExtractStackTraceNoAlloc (byte*,int,string)
UnityEngine.StackTraceUtility:ExtractStackTrace ()
UnityEngine.Rendering.ScriptableRenderContext:Submit ()
UnityEngine.Rendering.Universal.UniversalRenderPipeline:RenderSingleCamera (UnityEngine.Rendering.ScriptableRenderContext,UnityEngine.Rendering.Universal.UniversalCameraData) (at ./Library/PackageCache/com.unity.render-pipelines.universal@73b4c4ff130e/Runtime/UniversalRenderPipeline.cs:1012)
UnityEngine.Rendering.Universal.UniversalRenderPipeline:RenderCameraStack (UnityEngine.Rendering.ScriptableRenderContext,UnityEngine.Camera,bool) (at ./Library/PackageCache/com.unity.render-pipelines.universal@73b4c4ff130e/Runtime/UniversalRenderPipeline.cs:1207)
UnityEngine.Rendering.Universal.UniversalRenderPipeline:Render (UnityEngine.Rendering.ScriptableRenderContext,System.Collections.Generic.List`1<UnityEngine.Camera>) (at ./Library/PackageCache/com.unity.render-pipelines.universal@73b4c4ff130e/Runtime/UniversalRenderPipeline.cs:611)
UnityEngine.Rendering.RenderPipeline:InternalRender (UnityEngine.Rendering.ScriptableRenderContext,System.Collections.Generic.List`1<UnityEngine.Camera>)
UnityEngine.Rendering.RenderPipelineManager:DoRenderLoop_Internal (UnityEngine.Rendering.RenderPipelineAsset,intptr,object,Unity.Collections.LowLevel.Unsafe.AtomicSafetyHandle)
UnityEngine.Camera:Render ()
AegisRTS.Editor.InfantryPhase03Revision01ReviewBuilder:Capture (UnityEngine.Camera,UnityEngine.Vector3,single,single,string) (at Assets/AegisRTS/Editor/InfantryPhase03Revision01ReviewBuilder.cs:188)
AegisRTS.Editor.InfantryPhase03Revision01ReviewBuilder:BuildAndCapture () (at Assets/AegisRTS/Editor/InfantryPhase03Revision01ReviewBuilder.cs:81)

[Assets/AegisRTS/Editor/InfantryPhase03Revision01ReviewBuilder.cs line 81]

EndRenderPass: Not inside a Renderpass
UnityEngine.Debug:ExtractStackTraceNoAlloc (byte*,int,string)
UnityEngine.StackTraceUtility:ExtractStackTrace ()
UnityEngine.Rendering.ScriptableRenderContext:Submit ()
UnityEngine.Rendering.Universal.UniversalRenderPipeline:RenderSingleCamera (UnityEngine.Rendering.ScriptableRenderContext,UnityEngine.Rendering.Universal.UniversalCameraData) (at ./Library/PackageCache/com.unity.render-pipelines.universal@73b4c4ff130e/Runtime/UniversalRenderPipeline.cs:1012)
UnityEngine.Rendering.Universal.UniversalRenderPipeline:RenderCameraStack (UnityEngine.Rendering.ScriptableRenderContext,UnityEngine.Camera,bool) (at ./Library/PackageCache/com.unity.render-pipelines.universal@73b4c4ff130e/Runtime/UniversalRenderPipeline.cs:1207)
UnityEngine.Rendering.Universal.UniversalRenderPipeline:Render (UnityEngine.Rendering.ScriptableRenderContext,System.Collections.Generic.List`1<UnityEngine.Camera>) (at ./Library/PackageCache/com.unity.render-pipelines.universal@73b4c4ff130e/Runtime/UniversalRenderPipeline.cs:611)
UnityEngine.Rendering.RenderPipeline:InternalRender (UnityEngine.Rendering.ScriptableRenderContext,System.Collections.Generic.List`1<UnityEngine.Camera>)
UnityEngine.Rendering.RenderPipelineManager:DoRenderLoop_Internal (UnityEngine.Rendering.RenderPipelineAsset,intptr,object,Unity.Collections.LowLevel.Unsafe.AtomicSafetyHandle)
UnityEngine.Camera:Render ()
AegisRTS.Editor.InfantryPhase03Revision01ReviewBuilder:Capture (UnityEngine.Camera,UnityEngine.Vector3,single,single,string) (at Assets/AegisRTS/Editor/InfantryPhase03Revision01ReviewBuilder.cs:188)
AegisRTS.Editor.InfantryPhase03Revision01ReviewBuilder:BuildAndCapture () (at Assets/AegisRTS/Editor/InfantryPhase03Revision01ReviewBuilder.cs:81)

[Assets/AegisRTS/Editor/InfantryPhase03Revision01ReviewBuilder.cs line 81]

RenderTexture.Create failed
UnityEngine.Debug:ExtractStackTraceNoAlloc (byte*,int,string)
UnityEngine.StackTraceUtility:ExtractStackTrace ()
UnityEngine.Rendering.ScriptableRenderContext:Submit ()
UnityEngine.Rendering.Universal.UniversalRenderPipeline:RenderSingleCamera (UnityEngine.Rendering.ScriptableRenderContext,UnityEngine.Rendering.Universal.UniversalCameraData) (at ./Library/PackageCache/com.unity.render-pipelines.universal@73b4c4ff130e/Runtime/UniversalRenderPipeline.cs:1012)
UnityEngine.Rendering.Universal.UniversalRenderPipeline:RenderCameraStack (UnityEngine.Rendering.ScriptableRenderContext,UnityEngine.Camera,bool) (at ./Library/PackageCache/com.unity.render-pipelines.universal@73b4c4ff130e/Runtime/UniversalRenderPipeline.cs:1207)
UnityEngine.Rendering.Universal.UniversalRenderPipeline:Render (UnityEngine.Rendering.ScriptableRenderContext,System.Collections.Generic.List`1<UnityEngine.Camera>) (at ./Library/PackageCache/com.unity.render-pipelines.universal@73b4c4ff130e/Runtime/UniversalRenderPipeline.cs:611)
UnityEngine.Rendering.RenderPipeline:InternalRender (UnityEngine.Rendering.ScriptableRenderContext,System.Collections.Generic.List`1<UnityEngine.Camera>)
UnityEngine.Rendering.RenderPipelineManager:DoRenderLoop_Internal (UnityEngine.Rendering.RenderPipelineAsset,intptr,object,Unity.Collections.LowLevel.Unsafe.AtomicSafetyHandle)
UnityEngine.Camera:Render ()
AegisRTS.Editor.InfantryPhase03Revision01ReviewBuilder:Capture (UnityEngine.Camera,UnityEngine.Vector3,single,single,string) (at Assets/AegisRTS/Editor/InfantryPhase03Revision01ReviewBuilder.cs:188)
AegisRTS.Editor.InfantryPhase03Revision01ReviewBuilder:BuildAndCapture () (at Assets/AegisRTS/Editor/InfantryPhase03Revision01ReviewBuilder.cs:81)

[Assets/AegisRTS/Editor/InfantryPhase03Revision01ReviewBuilder.cs line 81]

RenderTexture.Create failed
UnityEngine.Debug:ExtractStackTraceNoAlloc (byte*,int,string)
UnityEngine.StackTraceUtility:ExtractStackTrace ()
UnityEngine.Rendering.ScriptableRenderContext:Submit ()
UnityEngine.Rendering.Universal.UniversalRenderPipeline:RenderSingleCamera (UnityEngine.Rendering.ScriptableRenderContext,UnityEngine.Rendering.Universal.UniversalCameraData) (at ./Library/PackageCache/com.unity.render-pipelines.universal@73b4c4ff130e/Runtime/UniversalRenderPipeline.cs:1012)
UnityEngine.Rendering.Universal.UniversalRenderPipeline:RenderCameraStack (UnityEngine.Rendering.ScriptableRenderContext,UnityEngine.Camera,bool) (at ./Library/PackageCache/com.unity.render-pipelines.universal@73b4c4ff130e/Runtime/UniversalRenderPipeline.cs:1207)
UnityEngine.Rendering.Universal.UniversalRenderPipeline:Render (UnityEngine.Rendering.ScriptableRenderContext,System.Collections.Generic.List`1<UnityEngine.Camera>) (at ./Library/PackageCache/com.unity.render-pipelines.universal@73b4c4ff130e/Runtime/UniversalRenderPipeline.cs:611)
UnityEngine.Rendering.RenderPipeline:InternalRender (UnityEngine.Rendering.ScriptableRenderContext,System.Collections.Generic.List`1<UnityEngine.Camera>)
UnityEngine.Rendering.RenderPipelineManager:DoRenderLoop_Internal (UnityEngine.Rendering.RenderPipelineAsset,intptr,object,Unity.Collections.LowLevel.Unsafe.AtomicSafetyHandle)
UnityEngine.Camera:Render ()
AegisRTS.Editor.InfantryPhase03Revision01ReviewBuilder:Capture (UnityEngine.Camera,UnityEngine.Vector3,single,single,string) (at Assets/AegisRTS/Editor/InfantryPhase03Revision01ReviewBuilder.cs:188)
AegisRTS.Editor.InfantryPhase03Revision01ReviewBuilder:BuildAndCapture () (at Assets/AegisRTS/Editor/InfantryPhase03Revision01ReviewBuilder.cs:81)

[Assets/AegisRTS/Editor/InfantryPhase03Revision01ReviewBuilder.cs line 81]

RenderTexture.Create failed
UnityEngine.Debug:ExtractStackTraceNoAlloc (byte*,int,string)
UnityEngine.StackTraceUtility:ExtractStackTrace ()
UnityEngine.Rendering.ScriptableRenderContext:Submit ()
UnityEngine.Rendering.Universal.UniversalRenderPipeline:RenderSingleCamera (UnityEngine.Rendering.ScriptableRenderContext,UnityEngine.Rendering.Universal.UniversalCameraData) (at ./Library/PackageCache/com.unity.render-pipelines.universal@73b4c4ff130e/Runtime/UniversalRenderPipeline.cs:1012)
UnityEngine.Rendering.Universal.UniversalRenderPipeline:RenderCameraStack (UnityEngine.Rendering.ScriptableRenderContext,UnityEngine.Camera,bool) (at ./Library/PackageCache/com.unity.render-pipelines.universal@73b4c4ff130e/Runtime/UniversalRenderPipeline.cs:1207)
UnityEngine.Rendering.Universal.UniversalRenderPipeline:Render (UnityEngine.Rendering.ScriptableRenderContext,System.Collections.Generic.List`1<UnityEngine.Camera>) (at ./Library/PackageCache/com.unity.render-pipelines.universal@73b4c4ff130e/Runtime/UniversalRenderPipeline.cs:611)
UnityEngine.Rendering.RenderPipeline:InternalRender (UnityEngine.Rendering.ScriptableRenderContext,System.Collections.Generic.List`1<UnityEngine.Camera>)
UnityEngine.Rendering.RenderPipelineManager:DoRenderLoop_Internal (UnityEngine.Rendering.RenderPipelineAsset,intptr,object,Unity.Collections.LowLevel.Unsafe.AtomicSafetyHandle)
UnityEngine.Camera:Render ()
AegisRTS.Editor.InfantryPhase03Revision01ReviewBuilder:Capture (UnityEngine.Camera,UnityEngine.Vector3,single,single,string) (at Assets/AegisRTS/Editor/InfantryPhase03Revision01ReviewBuilder.cs:188)
AegisRTS.Editor.InfantryPhase03Revision01ReviewBuilder:BuildAndCapture () (at Assets/AegisRTS/Editor/InfantryPhase03Revision01ReviewBuilder.cs:81)

[Assets/AegisRTS/Editor/InfantryPhase03Revision01ReviewBuilder.cs line 81]

DrawOpaqueObjects: Unable to find surface for attachment 0
UnityEngine.Debug:ExtractStackTraceNoAlloc (byte*,int,string)
UnityEngine.StackTraceUtility:ExtractStackTrace ()
UnityEngine.Rendering.ScriptableRenderContext:Submit ()
UnityEngine.Rendering.Universal.UniversalRenderPipeline:RenderSingleCamera (UnityEngine.Rendering.ScriptableRenderContext,UnityEngine.Rendering.Universal.UniversalCameraData) (at ./Library/PackageCache/com.unity.render-pipelines.universal@73b4c4ff130e/Runtime/UniversalRenderPipeline.cs:1012)
UnityEngine.Rendering.Universal.UniversalRenderPipeline:RenderCameraStack (UnityEngine.Rendering.ScriptableRenderContext,UnityEngine.Camera,bool) (at ./Library/PackageCache/com.unity.render-pipelines.universal@73b4c4ff130e/Runtime/UniversalRenderPipeline.cs:1207)
UnityEngine.Rendering.Universal.UniversalRenderPipeline:Render (UnityEngine.Rendering.ScriptableRenderContext,System.Collections.Generic.List`1<UnityEngine.Camera>) (at ./Library/PackageCache/com.unity.render-pipelines.universal@73b4c4ff130e/Runtime/UniversalRenderPipeline.cs:611)
UnityEngine.Rendering.RenderPipeline:InternalRender (UnityEngine.Rendering.ScriptableRenderContext,System.Collections.Generic.List`1<UnityEngine.Camera>)
UnityEngine.Rendering.RenderPipelineManager:DoRenderLoop_Internal (UnityEngine.Rendering.RenderPipelineAsset,intptr,object,Unity.Collections.LowLevel.Unsafe.AtomicSafetyHandle)
UnityEngine.Camera:Render ()
AegisRTS.Editor.InfantryPhase03Revision01ReviewBuilder:Capture (UnityEngine.Camera,UnityEngine.Vector3,single,single,string) (at Assets/AegisRTS/Editor/InfantryPhase03Revision01ReviewBuilder.cs:188)
AegisRTS.Editor.InfantryPhase03Revision01ReviewBuilder:BuildAndCapture () (at Assets/AegisRTS/Editor/InfantryPhase03Revision01ReviewBuilder.cs:81)

[Assets/AegisRTS/Editor/InfantryPhase03Revision01ReviewBuilder.cs line 81]

EndRenderPass: Not inside a Renderpass
UnityEngine.Debug:ExtractStackTraceNoAlloc (byte*,int,string)
UnityEngine.StackTraceUtility:ExtractStackTrace ()
UnityEngine.Rendering.ScriptableRenderContext:Submit ()
UnityEngine.Rendering.Universal.UniversalRenderPipeline:RenderSingleCamera (UnityEngine.Rendering.ScriptableRenderContext,UnityEngine.Rendering.Universal.UniversalCameraData) (at ./Library/PackageCache/com.unity.render-pipelines.universal@73b4c4ff130e/Runtime/UniversalRenderPipeline.cs:1012)
UnityEngine.Rendering.Universal.UniversalRenderPipeline:RenderCameraStack (UnityEngine.Rendering.ScriptableRenderContext,UnityEngine.Camera,bool) (at ./Library/PackageCache/com.unity.render-pipelines.universal@73b4c4ff130e/Runtime/UniversalRenderPipeline.cs:1207)
UnityEngine.Rendering.Universal.UniversalRenderPipeline:Render (UnityEngine.Rendering.ScriptableRenderContext,System.Collections.Generic.List`1<UnityEngine.Camera>) (at ./Library/PackageCache/com.unity.render-pipelines.universal@73b4c4ff130e/Runtime/UniversalRenderPipeline.cs:611)
UnityEngine.Rendering.RenderPipeline:InternalRender (UnityEngine.Rendering.ScriptableRenderContext,System.Collections.Generic.List`1<UnityEngine.Camera>)
UnityEngine.Rendering.RenderPipelineManager:DoRenderLoop_Internal (UnityEngine.Rendering.RenderPipelineAsset,intptr,object,Unity.Collections.LowLevel.Unsafe.AtomicSafetyHandle)
UnityEngine.Camera:Render ()
AegisRTS.Editor.InfantryPhase03Revision01ReviewBuilder:Capture (UnityEngine.Camera,UnityEngine.Vector3,single,single,string) (at Assets/AegisRTS/Editor/InfantryPhase03Revision01ReviewBuilder.cs:188)
AegisRTS.Editor.InfantryPhase03Revision01ReviewBuilder:BuildAndCapture () (at Assets/AegisRTS/Editor/InfantryPhase03Revision01ReviewBuilder.cs:81)

[Assets/AegisRTS/Editor/InfantryPhase03Revision01ReviewBuilder.cs line 81]

RenderTexture.Create failed
UnityEngine.Debug:ExtractStackTraceNoAlloc (byte*,int,string)
UnityEngine.StackTraceUtility:ExtractStackTrace ()
UnityEngine.Rendering.ScriptableRenderContext:Submit ()
UnityEngine.Rendering.Universal.UniversalRenderPipeline:RenderSingleCamera (UnityEngine.Rendering.ScriptableRenderContext,UnityEngine.Rendering.Universal.UniversalCameraData) (at ./Library/PackageCache/com.unity.render-pipelines.universal@73b4c4ff130e/Runtime/UniversalRenderPipeline.cs:1012)
UnityEngine.Rendering.Universal.UniversalRenderPipeline:RenderCameraStack (UnityEngine.Rendering.ScriptableRenderContext,UnityEngine.Camera,bool) (at ./Library/PackageCache/com.unity.render-pipelines.universal@73b4c4ff130e/Runtime/UniversalRenderPipeline.cs:1207)
UnityEngine.Rendering.Universal.UniversalRenderPipeline:Render (UnityEngine.Rendering.ScriptableRenderContext,System.Collections.Generic.List`1<UnityEngine.Camera>) (at ./Library/PackageCache/com.unity.render-pipelines.universal@73b4c4ff130e/Runtime/UniversalRenderPipeline.cs:611)
UnityEngine.Rendering.RenderPipeline:InternalRender (UnityEngine.Rendering.ScriptableRenderContext,System.Collections.Generic.List`1<UnityEngine.Camera>)
UnityEngine.Rendering.RenderPipelineManager:DoRenderLoop_Internal (UnityEngine.Rendering.RenderPipelineAsset,intptr,object,Unity.Collections.LowLevel.Unsafe.AtomicSafetyHandle)
UnityEngine.Camera:Render ()
AegisRTS.Editor.InfantryPhase03Revision01ReviewBuilder:Capture (UnityEngine.Camera,UnityEngine.Vector3,single,single,string) (at Assets/AegisRTS/Editor/InfantryPhase03Revision01ReviewBuilder.cs:188)
AegisRTS.Editor.InfantryPhase03Revision01ReviewBuilder:BuildAndCapture () (at Assets/AegisRTS/Editor/InfantryPhase03Revision01ReviewBuilder.cs:81)

[Assets/AegisRTS/Editor/InfantryPhase03Revision01ReviewBuilder.cs line 81]

RenderTexture.Create failed
UnityEngine.Debug:ExtractStackTraceNoAlloc (byte*,int,string)
UnityEngine.StackTraceUtility:ExtractStackTrace ()
UnityEngine.Rendering.ScriptableRenderContext:Submit ()
UnityEngine.Rendering.Universal.UniversalRenderPipeline:RenderSingleCamera (UnityEngine.Rendering.ScriptableRenderContext,UnityEngine.Rendering.Universal.UniversalCameraData) (at ./Library/PackageCache/com.unity.render-pipelines.universal@73b4c4ff130e/Runtime/UniversalRenderPipeline.cs:1012)
UnityEngine.Rendering.Universal.UniversalRenderPipeline:RenderCameraStack (UnityEngine.Rendering.ScriptableRenderContext,UnityEngine.Camera,bool) (at ./Library/PackageCache/com.unity.render-pipelines.universal@73b4c4ff130e/Runtime/UniversalRenderPipeline.cs:1207)
UnityEngine.Rendering.Universal.UniversalRenderPipeline:Render (UnityEngine.Rendering.ScriptableRenderContext,System.Collections.Generic.List`1<UnityEngine.Camera>) (at ./Library/PackageCache/com.unity.render-pipelines.universal@73b4c4ff130e/Runtime/UniversalRenderPipeline.cs:611)
UnityEngine.Rendering.RenderPipeline:InternalRender (UnityEngine.Rendering.ScriptableRenderContext,System.Collections.Generic.List`1<UnityEngine.Camera>)
UnityEngine.Rendering.RenderPipelineManager:DoRenderLoop_Internal (UnityEngine.Rendering.RenderPipelineAsset,intptr,object,Unity.Collections.LowLevel.Unsafe.AtomicSafetyHandle)
UnityEngine.Camera:Render ()
AegisRTS.Editor.InfantryPhase03Revision01ReviewBuilder:Capture (UnityEngine.Camera,UnityEngine.Vector3,single,single,string) (at Assets/AegisRTS/Editor/InfantryPhase03Revision01ReviewBuilder.cs:188)
AegisRTS.Editor.InfantryPhase03Revision01ReviewBuilder:BuildAndCapture () (at Assets/AegisRTS/Editor/InfantryPhase03Revision01ReviewBuilder.cs:81)

[Assets/AegisRTS/Editor/InfantryPhase03Revision01ReviewBuilder.cs line 81]

RenderTexture.Create failed
UnityEngine.Debug:ExtractStackTraceNoAlloc (byte*,int,string)
UnityEngine.StackTraceUtility:ExtractStackTrace ()
UnityEngine.Rendering.ScriptableRenderContext:Submit ()
UnityEngine.Rendering.Universal.UniversalRenderPipeline:RenderSingleCamera (UnityEngine.Rendering.ScriptableRenderContext,UnityEngine.Rendering.Universal.UniversalCameraData) (at ./Library/PackageCache/com.unity.render-pipelines.universal@73b4c4ff130e/Runtime/UniversalRenderPipeline.cs:1012)
UnityEngine.Rendering.Universal.UniversalRenderPipeline:RenderCameraStack (UnityEngine.Rendering.ScriptableRenderContext,UnityEngine.Camera,bool) (at ./Library/PackageCache/com.unity.render-pipelines.universal@73b4c4ff130e/Runtime/UniversalRenderPipeline.cs:1207)
UnityEngine.Rendering.Universal.UniversalRenderPipeline:Render (UnityEngine.Rendering.ScriptableRenderContext,System.Collections.Generic.List`1<UnityEngine.Camera>) (at ./Library/PackageCache/com.unity.render-pipelines.universal@73b4c4ff130e/Runtime/UniversalRenderPipeline.cs:611)
UnityEngine.Rendering.RenderPipeline:InternalRender (UnityEngine.Rendering.ScriptableRenderContext,System.Collections.Generic.List`1<UnityEngine.Camera>)
UnityEngine.Rendering.RenderPipelineManager:DoRenderLoop_Internal (UnityEngine.Rendering.RenderPipelineAsset,intptr,object,Unity.Collections.LowLevel.Unsafe.AtomicSafetyHandle)
UnityEngine.Camera:Render ()
AegisRTS.Editor.InfantryPhase03Revision01ReviewBuilder:Capture (UnityEngine.Camera,UnityEngine.Vector3,single,single,string) (at Assets/AegisRTS/Editor/InfantryPhase03Revision01ReviewBuilder.cs:188)
AegisRTS.Editor.InfantryPhase03Revision01ReviewBuilder:BuildAndCapture () (at Assets/AegisRTS/Editor/InfantryPhase03Revision01ReviewBuilder.cs:81)

[Assets/AegisRTS/Editor/InfantryPhase03Revision01ReviewBuilder.cs line 81]

DrawTransparentObjects: Unable to find surface for attachment 0
UnityEngine.Debug:ExtractStackTraceNoAlloc (byte*,int,string)
UnityEngine.StackTraceUtility:ExtractStackTrace ()
UnityEngine.Rendering.ScriptableRenderContext:Submit ()
UnityEngine.Rendering.Universal.UniversalRenderPipeline:RenderSingleCamera (UnityEngine.Rendering.ScriptableRenderContext,UnityEngine.Rendering.Universal.UniversalCameraData) (at ./Library/PackageCache/com.unity.render-pipelines.universal@73b4c4ff130e/Runtime/UniversalRenderPipeline.cs:1012)
UnityEngine.Rendering.Universal.UniversalRenderPipeline:RenderCameraStack (UnityEngine.Rendering.ScriptableRenderContext,UnityEngine.Camera,bool) (at ./Library/PackageCache/com.unity.render-pipelines.universal@73b4c4ff130e/Runtime/UniversalRenderPipeline.cs:1207)
UnityEngine.Rendering.Universal.UniversalRenderPipeline:Render (UnityEngine.Rendering.ScriptableRenderContext,System.Collections.Generic.List`1<UnityEngine.Camera>) (at ./Library/PackageCache/com.unity.render-pipelines.universal@73b4c4ff130e/Runtime/UniversalRenderPipeline.cs:611)
UnityEngine.Rendering.RenderPipeline:InternalRender (UnityEngine.Rendering.ScriptableRenderContext,System.Collections.Generic.List`1<UnityEngine.Camera>)
UnityEngine.Rendering.RenderPipelineManager:DoRenderLoop_Internal (UnityEngine.Rendering.RenderPipelineAsset,intptr,object,Unity.Collections.LowLevel.Unsafe.AtomicSafetyHandle)
UnityEngine.Camera:Render ()
AegisRTS.Editor.InfantryPhase03Revision01ReviewBuilder:Capture (UnityEngine.Camera,UnityEngine.Vector3,single,single,string) (at Assets/AegisRTS/Editor/InfantryPhase03Revision01ReviewBuilder.cs:188)
AegisRTS.Editor.InfantryPhase03Revision01ReviewBuilder:BuildAndCapture () (at Assets/AegisRTS/Editor/InfantryPhase03Revision01ReviewBuilder.cs:81)

[Assets/AegisRTS/Editor/InfantryPhase03Revision01ReviewBuilder.cs line 81]

EndRenderPass: Not inside a Renderpass
UnityEngine.Debug:ExtractStackTraceNoAlloc (byte*,int,string)
UnityEngine.StackTraceUtility:ExtractStackTrace ()
UnityEngine.Rendering.ScriptableRenderContext:Submit ()
UnityEngine.Rendering.Universal.UniversalRenderPipeline:RenderSingleCamera (UnityEngine.Rendering.ScriptableRenderContext,UnityEngine.Rendering.Universal.UniversalCameraData) (at ./Library/PackageCache/com.unity.render-pipelines.universal@73b4c4ff130e/Runtime/UniversalRenderPipeline.cs:1012)
UnityEngine.Rendering.Universal.UniversalRenderPipeline:RenderCameraStack (UnityEngine.Rendering.ScriptableRenderContext,UnityEngine.Camera,bool) (at ./Library/PackageCache/com.unity.render-pipelines.universal@73b4c4ff130e/Runtime/UniversalRenderPipeline.cs:1207)
UnityEngine.Rendering.Universal.UniversalRenderPipeline:Render (UnityEngine.Rendering.ScriptableRenderContext,System.Collections.Generic.List`1<UnityEngine.Camera>) (at ./Library/PackageCache/com.unity.render-pipelines.universal@73b4c4ff130e/Runtime/UniversalRenderPipeline.cs:611)
UnityEngine.Rendering.RenderPipeline:InternalRender (UnityEngine.Rendering.ScriptableRenderContext,System.Collections.Generic.List`1<UnityEngine.Camera>)
UnityEngine.Rendering.RenderPipelineManager:DoRenderLoop_Internal (UnityEngine.Rendering.RenderPipelineAsset,intptr,object,Unity.Collections.LowLevel.Unsafe.AtomicSafetyHandle)
UnityEngine.Camera:Render ()
AegisRTS.Editor.InfantryPhase03Revision01ReviewBuilder:Capture (UnityEngine.Camera,UnityEngine.Vector3,single,single,string) (at Assets/AegisRTS/Editor/InfantryPhase03Revision01ReviewBuilder.cs:188)
AegisRTS.Editor.InfantryPhase03Revision01ReviewBuilder:BuildAndCapture () (at Assets/AegisRTS/Editor/InfantryPhase03Revision01ReviewBuilder.cs:81)

[Assets/AegisRTS/Editor/InfantryPhase03Revision01ReviewBuilder.cs line 81]

BlitFinalToBackBuffer: Attachment 0 was created with 1 samples but 4 samples were requested.
UnityEngine.Debug:ExtractStackTraceNoAlloc (byte*,int,string)
UnityEngine.StackTraceUtility:ExtractStackTrace ()
UnityEngine.Rendering.ScriptableRenderContext:Submit ()
UnityEngine.Rendering.Universal.UniversalRenderPipeline:RenderSingleCamera (UnityEngine.Rendering.ScriptableRenderContext,UnityEngine.Rendering.Universal.UniversalCameraData) (at ./Library/PackageCache/com.unity.render-pipelines.universal@73b4c4ff130e/Runtime/UniversalRenderPipeline.cs:1012)
UnityEngine.Rendering.Universal.UniversalRenderPipeline:RenderCameraStack (UnityEngine.Rendering.ScriptableRenderContext,UnityEngine.Camera,bool) (at ./Library/PackageCache/com.unity.render-pipelines.universal@73b4c4ff130e/Runtime/UniversalRenderPipeline.cs:1207)
UnityEngine.Rendering.Universal.UniversalRenderPipeline:Render (UnityEngine.Rendering.ScriptableRenderContext,System.Collections.Generic.List`1<UnityEngine.Camera>) (at ./Library/PackageCache/com.unity.render-pipelines.universal@73b4c4ff130e/Runtime/UniversalRenderPipeline.cs:611)
UnityEngine.Rendering.RenderPipeline:InternalRender (UnityEngine.Rendering.ScriptableRenderContext,System.Collections.Generic.List`1<UnityEngine.Camera>)
UnityEngine.Rendering.RenderPipelineManager:DoRenderLoop_Internal (UnityEngine.Rendering.RenderPipelineAsset,intptr,object,Unity.Collections.LowLevel.Unsafe.AtomicSafetyHandle)
UnityEngine.Camera:Render ()
AegisRTS.Editor.InfantryPhase03Revision01ReviewBuilder:Capture (UnityEngine.Camera,UnityEngine.Vector3,single,single,string) (at Assets/AegisRTS/Editor/InfantryPhase03Revision01ReviewBuilder.cs:188)
AegisRTS.Editor.InfantryPhase03Revision01ReviewBuilder:BuildAndCapture () (at Assets/AegisRTS/Editor/InfantryPhase03Revision01ReviewBuilder.cs:81)

[Assets/AegisRTS/Editor/InfantryPhase03Revision01ReviewBuilder.cs line 81]

EndRenderPass: Not inside a Renderpass
UnityEngine.Debug:ExtractStackTraceNoAlloc (byte*,int,string)
UnityEngine.StackTraceUtility:ExtractStackTrace ()
UnityEngine.Rendering.ScriptableRenderContext:Submit ()
UnityEngine.Rendering.Universal.UniversalRenderPipeline:RenderSingleCamera (UnityEngine.Rendering.ScriptableRenderContext,UnityEngine.Rendering.Universal.UniversalCameraData) (at ./Library/PackageCache/com.unity.render-pipelines.universal@73b4c4ff130e/Runtime/UniversalRenderPipeline.cs:1012)
UnityEngine.Rendering.Universal.UniversalRenderPipeline:RenderCameraStack (UnityEngine.Rendering.ScriptableRenderContext,UnityEngine.Camera,bool) (at ./Library/PackageCache/com.unity.render-pipelines.universal@73b4c4ff130e/Runtime/UniversalRenderPipeline.cs:1207)
UnityEngine.Rendering.Universal.UniversalRenderPipeline:Render (UnityEngine.Rendering.ScriptableRenderContext,System.Collections.Generic.List`1<UnityEngine.Camera>) (at ./Library/PackageCache/com.unity.render-pipelines.universal@73b4c4ff130e/Runtime/UniversalRenderPipeline.cs:611)
UnityEngine.Rendering.RenderPipeline:InternalRender (UnityEngine.Rendering.ScriptableRenderContext,System.Collections.Generic.List`1<UnityEngine.Camera>)
UnityEngine.Rendering.RenderPipelineManager:DoRenderLoop_Internal (UnityEngine.Rendering.RenderPipelineAsset,intptr,object,Unity.Collections.LowLevel.Unsafe.AtomicSafetyHandle)
UnityEngine.Camera:Render ()
AegisRTS.Editor.InfantryPhase03Revision01ReviewBuilder:Capture (UnityEngine.Camera,UnityEngine.Vector3,single,single,string) (at Assets/AegisRTS/Editor/InfantryPhase03Revision01ReviewBuilder.cs:188)
AegisRTS.Editor.InfantryPhase03Revision01ReviewBuilder:BuildAndCapture () (at Assets/AegisRTS/Editor/InfantryPhase03Revision01ReviewBuilder.cs:81)

[Assets/AegisRTS/Editor/InfantryPhase03Revision01ReviewBuilder.cs line 81]

SetConstantBuffer: The current renderer does not support constant buffers. This call will have no effect.
UnityEngine.Debug:ExtractStackTraceNoAlloc (byte*,int,string)
UnityEngine.StackTraceUtility:ExtractStackTrace ()
UnityEngine.Rendering.ScriptableRenderContext:Submit ()
UnityEngine.Rendering.Universal.UniversalRenderPipeline:RenderSingleCamera (UnityEngine.Rendering.ScriptableRenderContext,UnityEngine.Rendering.Universal.UniversalCameraData) (at ./Library/PackageCache/com.unity.render-pipelines.universal@73b4c4ff130e/Runtime/UniversalRenderPipeline.cs:1012)
UnityEngine.Rendering.Universal.UniversalRenderPipeline:RenderCameraStack (UnityEngine.Rendering.ScriptableRenderContext,UnityEngine.Camera,bool) (at ./Library/PackageCache/com.unity.render-pipelines.universal@73b4c4ff130e/Runtime/UniversalRenderPipeline.cs:1207)
UnityEngine.Rendering.Universal.UniversalRenderPipeline:Render (UnityEngine.Rendering.ScriptableRenderContext,System.Collections.Generic.List`1<UnityEngine.Camera>) (at ./Library/PackageCache/com.unity.render-pipelines.universal@73b4c4ff130e/Runtime/UniversalRenderPipeline.cs:611)
UnityEngine.Rendering.RenderPipeline:InternalRender (UnityEngine.Rendering.ScriptableRenderContext,System.Collections.Generic.List`1<UnityEngine.Camera>)
UnityEngine.Rendering.RenderPipelineManager:DoRenderLoop_Internal (UnityEngine.Rendering.RenderPipelineAsset,intptr,object,Unity.Collections.LowLevel.Unsafe.AtomicSafetyHandle)
UnityEngine.Camera:Render ()
AegisRTS.Editor.InfantryPhase03Revision01ReviewBuilder:Capture (UnityEngine.Camera,UnityEngine.Vector3,single,single,string) (at Assets/AegisRTS/Editor/InfantryPhase03Revision01ReviewBuilder.cs:188)
AegisRTS.Editor.InfantryPhase03Revision01ReviewBuilder:BuildAndCapture () (at Assets/AegisRTS/Editor/InfantryPhase03Revision01ReviewBuilder.cs:84)

[Assets/AegisRTS/Editor/InfantryPhase03Revision01ReviewBuilder.cs line 84]

SetConstantBuffer: The current renderer does not support constant buffers. This call will have no effect.
UnityEngine.Debug:ExtractStackTraceNoAlloc (byte*,int,string)
UnityEngine.StackTraceUtility:ExtractStackTrace ()
UnityEngine.Rendering.ScriptableRenderContext:Submit ()
UnityEngine.Rendering.Universal.UniversalRenderPipeline:RenderSingleCamera (UnityEngine.Rendering.ScriptableRenderContext,UnityEngine.Rendering.Universal.UniversalCameraData) (at ./Library/PackageCache/com.unity.render-pipelines.universal@73b4c4ff130e/Runtime/UniversalRenderPipeline.cs:1012)
UnityEngine.Rendering.Universal.UniversalRenderPipeline:RenderCameraStack (UnityEngine.Rendering.ScriptableRenderContext,UnityEngine.Camera,bool) (at ./Library/PackageCache/com.unity.render-pipelines.universal@73b4c4ff130e/Runtime/UniversalRenderPipeline.cs:1207)
UnityEngine.Rendering.Universal.UniversalRenderPipeline:Render (UnityEngine.Rendering.ScriptableRenderContext,System.Collections.Generic.List`1<UnityEngine.Camera>) (at ./Library/PackageCache/com.unity.render-pipelines.universal@73b4c4ff130e/Runtime/UniversalRenderPipeline.cs:611)
UnityEngine.Rendering.RenderPipeline:InternalRender (UnityEngine.Rendering.ScriptableRenderContext,System.Collections.Generic.List`1<UnityEngine.Camera>)
UnityEngine.Rendering.RenderPipelineManager:DoRenderLoop_Internal (UnityEngine.Rendering.RenderPipelineAsset,intptr,object,Unity.Collections.LowLevel.Unsafe.AtomicSafetyHandle)
UnityEngine.Camera:Render ()
AegisRTS.Editor.InfantryPhase03Revision01ReviewBuilder:Capture (UnityEngine.Camera,UnityEngine.Vector3,single,single,string) (at Assets/AegisRTS/Editor/InfantryPhase03Revision01ReviewBuilder.cs:188)
AegisRTS.Editor.InfantryPhase03Revision01ReviewBuilder:BuildAndCapture () (at Assets/AegisRTS/Editor/InfantryPhase03Revision01ReviewBuilder.cs:84)

[Assets/AegisRTS/Editor/InfantryPhase03Revision01ReviewBuilder.cs line 84]

RenderTexture.Create failed
UnityEngine.Debug:ExtractStackTraceNoAlloc (byte*,int,string)
UnityEngine.StackTraceUtility:ExtractStackTrace ()
UnityEngine.Rendering.ScriptableRenderContext:Submit ()
UnityEngine.Rendering.Universal.UniversalRenderPipeline:RenderSingleCamera (UnityEngine.Rendering.ScriptableRenderContext,UnityEngine.Rendering.Universal.UniversalCameraData) (at ./Library/PackageCache/com.unity.render-pipelines.universal@73b4c4ff130e/Runtime/UniversalRenderPipeline.cs:1012)
UnityEngine.Rendering.Universal.UniversalRenderPipeline:RenderCameraStack (UnityEngine.Rendering.ScriptableRenderContext,UnityEngine.Camera,bool) (at ./Library/PackageCache/com.unity.render-pipelines.universal@73b4c4ff130e/Runtime/UniversalRenderPipeline.cs:1207)
UnityEngine.Rendering.Universal.UniversalRenderPipeline:Render (UnityEngine.Rendering.ScriptableRenderContext,System.Collections.Generic.List`1<UnityEngine.Camera>) (at ./Library/PackageCache/com.unity.render-pipelines.universal@73b4c4ff130e/Runtime/UniversalRenderPipeline.cs:611)
UnityEngine.Rendering.RenderPipeline:InternalRender (UnityEngine.Rendering.ScriptableRenderContext,System.Collections.Generic.List`1<UnityEngine.Camera>)
UnityEngine.Rendering.RenderPipelineManager:DoRenderLoop_Internal (UnityEngine.Rendering.RenderPipelineAsset,intptr,object,Unity.Collections.LowLevel.Unsafe.AtomicSafetyHandle)
UnityEngine.Camera:Render ()
AegisRTS.Editor.InfantryPhase03Revision01ReviewBuilder:Capture (UnityEngine.Camera,UnityEngine.Vector3,single,single,string) (at Assets/AegisRTS/Editor/InfantryPhase03Revision01ReviewBuilder.cs:188)
AegisRTS.Editor.InfantryPhase03Revision01ReviewBuilder:BuildAndCapture () (at Assets/AegisRTS/Editor/InfantryPhase03Revision01ReviewBuilder.cs:84)

[Assets/AegisRTS/Editor/InfantryPhase03Revision01ReviewBuilder.cs line 84]

RenderTexture.Create failed
UnityEngine.Debug:ExtractStackTraceNoAlloc (byte*,int,string)
UnityEngine.StackTraceUtility:ExtractStackTrace ()
UnityEngine.Rendering.ScriptableRenderContext:Submit ()
UnityEngine.Rendering.Universal.UniversalRenderPipeline:RenderSingleCamera (UnityEngine.Rendering.ScriptableRenderContext,UnityEngine.Rendering.Universal.UniversalCameraData) (at ./Library/PackageCache/com.unity.render-pipelines.universal@73b4c4ff130e/Runtime/UniversalRenderPipeline.cs:1012)
UnityEngine.Rendering.Universal.UniversalRenderPipeline:RenderCameraStack (UnityEngine.Rendering.ScriptableRenderContext,UnityEngine.Camera,bool) (at ./Library/PackageCache/com.unity.render-pipelines.universal@73b4c4ff130e/Runtime/UniversalRenderPipeline.cs:1207)
UnityEngine.Rendering.Universal.UniversalRenderPipeline:Render (UnityEngine.Rendering.ScriptableRenderContext,System.Collections.Generic.List`1<UnityEngine.Camera>) (at ./Library/PackageCache/com.unity.render-pipelines.universal@73b4c4ff130e/Runtime/UniversalRenderPipeline.cs:611)
UnityEngine.Rendering.RenderPipeline:InternalRender (UnityEngine.Rendering.ScriptableRenderContext,System.Collections.Generic.List`1<UnityEngine.Camera>)
UnityEngine.Rendering.RenderPipelineManager:DoRenderLoop_Internal (UnityEngine.Rendering.RenderPipelineAsset,intptr,object,Unity.Collections.LowLevel.Unsafe.AtomicSafetyHandle)
UnityEngine.Camera:Render ()
AegisRTS.Editor.InfantryPhase03Revision01ReviewBuilder:Capture (UnityEngine.Camera,UnityEngine.Vector3,single,single,string) (at Assets/AegisRTS/Editor/InfantryPhase03Revision01ReviewBuilder.cs:188)
AegisRTS.Editor.InfantryPhase03Revision01ReviewBuilder:BuildAndCapture () (at Assets/AegisRTS/Editor/InfantryPhase03Revision01ReviewBuilder.cs:84)

[Assets/AegisRTS/Editor/InfantryPhase03Revision01ReviewBuilder.cs line 84]

RenderTexture.Create failed
UnityEngine.Debug:ExtractStackTraceNoAlloc (byte*,int,string)
UnityEngine.StackTraceUtility:ExtractStackTrace ()
UnityEngine.Rendering.ScriptableRenderContext:Submit ()
UnityEngine.Rendering.Universal.UniversalRenderPipeline:RenderSingleCamera (UnityEngine.Rendering.ScriptableRenderContext,UnityEngine.Rendering.Universal.UniversalCameraData) (at ./Library/PackageCache/com.unity.render-pipelines.universal@73b4c4ff130e/Runtime/UniversalRenderPipeline.cs:1012)
UnityEngine.Rendering.Universal.UniversalRenderPipeline:RenderCameraStack (UnityEngine.Rendering.ScriptableRenderContext,UnityEngine.Camera,bool) (at ./Library/PackageCache/com.unity.render-pipelines.universal@73b4c4ff130e/Runtime/UniversalRenderPipeline.cs:1207)
UnityEngine.Rendering.Universal.UniversalRenderPipeline:Render (UnityEngine.Rendering.ScriptableRenderContext,System.Collections.Generic.List`1<UnityEngine.Camera>) (at ./Library/PackageCache/com.unity.render-pipelines.universal@73b4c4ff130e/Runtime/UniversalRenderPipeline.cs:611)
UnityEngine.Rendering.RenderPipeline:InternalRender (UnityEngine.Rendering.ScriptableRenderContext,System.Collections.Generic.List`1<UnityEngine.Camera>)
UnityEngine.Rendering.RenderPipelineManager:DoRenderLoop_Internal (UnityEngine.Rendering.RenderPipelineAsset,intptr,object,Unity.Collections.LowLevel.Unsafe.AtomicSafetyHandle)
UnityEngine.Camera:Render ()
AegisRTS.Editor.InfantryPhase03Revision01ReviewBuilder:Capture (UnityEngine.Camera,UnityEngine.Vector3,single,single,string) (at Assets/AegisRTS/Editor/InfantryPhase03Revision01ReviewBuilder.cs:188)
AegisRTS.Editor.InfantryPhase03Revision01ReviewBuilder:BuildAndCapture () (at Assets/AegisRTS/Editor/InfantryPhase03Revision01ReviewBuilder.cs:84)

[Assets/AegisRTS/Editor/InfantryPhase03Revision01ReviewBuilder.cs line 84]

DrawDepthNormalPrepass: Unable to find surface for attachment 0
UnityEngine.Debug:ExtractStackTraceNoAlloc (byte*,int,string)
UnityEngine.StackTraceUtility:ExtractStackTrace ()
UnityEngine.Rendering.ScriptableRenderContext:Submit ()
UnityEngine.Rendering.Universal.UniversalRenderPipeline:RenderSingleCamera (UnityEngine.Rendering.ScriptableRenderContext,UnityEngine.Rendering.Universal.UniversalCameraData) (at ./Library/PackageCache/com.unity.render-pipelines.universal@73b4c4ff130e/Runtime/UniversalRenderPipeline.cs:1012)
UnityEngine.Rendering.Universal.UniversalRenderPipeline:RenderCameraStack (UnityEngine.Rendering.ScriptableRenderContext,UnityEngine.Camera,bool) (at ./Library/PackageCache/com.unity.render-pipelines.universal@73b4c4ff130e/Runtime/UniversalRenderPipeline.cs:1207)
UnityEngine.Rendering.Universal.UniversalRenderPipeline:Render (UnityEngine.Rendering.ScriptableRenderContext,System.Collections.Generic.List`1<UnityEngine.Camera>) (at ./Library/PackageCache/com.unity.render-pipelines.universal@73b4c4ff130e/Runtime/UniversalRenderPipeline.cs:611)
UnityEngine.Rendering.RenderPipeline:InternalRender (UnityEngine.Rendering.ScriptableRenderContext,System.Collections.Generic.List`1<UnityEngine.Camera>)
UnityEngine.Rendering.RenderPipelineManager:DoRenderLoop_Internal (UnityEngine.Rendering.RenderPipelineAsset,intptr,object,Unity.Collections.LowLevel.Unsafe.AtomicSafetyHandle)
UnityEngine.Camera:Render ()
AegisRTS.Editor.InfantryPhase03Revision01ReviewBuilder:Capture (UnityEngine.Camera,UnityEngine.Vector3,single,single,string) (at Assets/AegisRTS/Editor/InfantryPhase03Revision01ReviewBuilder.cs:188)
AegisRTS.Editor.InfantryPhase03Revision01ReviewBuilder:BuildAndCapture () (at Assets/AegisRTS/Editor/InfantryPhase03Revision01ReviewBuilder.cs:84)

[Assets/AegisRTS/Editor/InfantryPhase03Revision01ReviewBuilder.cs line 84]

EndRenderPass: Not inside a Renderpass
UnityEngine.Debug:ExtractStackTraceNoAlloc (byte*,int,string)
UnityEngine.StackTraceUtility:ExtractStackTrace ()
UnityEngine.Rendering.ScriptableRenderContext:Submit ()
UnityEngine.Rendering.Universal.UniversalRenderPipeline:RenderSingleCamera (UnityEngine.Rendering.ScriptableRenderContext,UnityEngine.Rendering.Universal.UniversalCameraData) (at ./Library/PackageCache/com.unity.render-pipelines.universal@73b4c4ff130e/Runtime/UniversalRenderPipeline.cs:1012)
UnityEngine.Rendering.Universal.UniversalRenderPipeline:RenderCameraStack (UnityEngine.Rendering.ScriptableRenderContext,UnityEngine.Camera,bool) (at ./Library/PackageCache/com.unity.render-pipelines.universal@73b4c4ff130e/Runtime/UniversalRenderPipeline.cs:1207)
UnityEngine.Rendering.Universal.UniversalRenderPipeline:Render (UnityEngine.Rendering.ScriptableRenderContext,System.Collections.Generic.List`1<UnityEngine.Camera>) (at ./Library/PackageCache/com.unity.render-pipelines.universal@73b4c4ff130e/Runtime/UniversalRenderPipeline.cs:611)
UnityEngine.Rendering.RenderPipeline:InternalRender (UnityEngine.Rendering.ScriptableRenderContext,System.Collections.Generic.List`1<UnityEngine.Camera>)
UnityEngine.Rendering.RenderPipelineManager:DoRenderLoop_Internal (UnityEngine.Rendering.RenderPipelineAsset,intptr,object,Unity.Collections.LowLevel.Unsafe.AtomicSafetyHandle)
UnityEngine.Camera:Render ()
AegisRTS.Editor.InfantryPhase03Revision01ReviewBuilder:Capture (UnityEngine.Camera,UnityEngine.Vector3,single,single,string) (at Assets/AegisRTS/Editor/InfantryPhase03Revision01ReviewBuilder.cs:188)
AegisRTS.Editor.InfantryPhase03Revision01ReviewBuilder:BuildAndCapture () (at Assets/AegisRTS/Editor/InfantryPhase03Revision01ReviewBuilder.cs:84)

[Assets/AegisRTS/Editor/InfantryPhase03Revision01ReviewBuilder.cs line 84]

RenderTexture.Create failed
UnityEngine.Debug:ExtractStackTraceNoAlloc (byte*,int,string)
UnityEngine.StackTraceUtility:ExtractStackTrace ()
UnityEngine.Rendering.ScriptableRenderContext:Submit ()
UnityEngine.Rendering.Universal.UniversalRenderPipeline:RenderSingleCamera (UnityEngine.Rendering.ScriptableRenderContext,UnityEngine.Rendering.Universal.UniversalCameraData) (at ./Library/PackageCache/com.unity.render-pipelines.universal@73b4c4ff130e/Runtime/UniversalRenderPipeline.cs:1012)
UnityEngine.Rendering.Universal.UniversalRenderPipeline:RenderCameraStack (UnityEngine.Rendering.ScriptableRenderContext,UnityEngine.Camera,bool) (at ./Library/PackageCache/com.unity.render-pipelines.universal@73b4c4ff130e/Runtime/UniversalRenderPipeline.cs:1207)
UnityEngine.Rendering.Universal.UniversalRenderPipeline:Render (UnityEngine.Rendering.ScriptableRenderContext,System.Collections.Generic.List`1<UnityEngine.Camera>) (at ./Library/PackageCache/com.unity.render-pipelines.universal@73b4c4ff130e/Runtime/UniversalRenderPipeline.cs:611)
UnityEngine.Rendering.RenderPipeline:InternalRender (UnityEngine.Rendering.ScriptableRenderContext,System.Collections.Generic.List`1<UnityEngine.Camera>)
UnityEngine.Rendering.RenderPipelineManager:DoRenderLoop_Internal (UnityEngine.Rendering.RenderPipelineAsset,intptr,object,Unity.Collections.LowLevel.Unsafe.AtomicSafetyHandle)
UnityEngine.Camera:Render ()
AegisRTS.Editor.InfantryPhase03Revision01ReviewBuilder:Capture (UnityEngine.Camera,UnityEngine.Vector3,single,single,string) (at Assets/AegisRTS/Editor/InfantryPhase03Revision01ReviewBuilder.cs:188)
AegisRTS.Editor.InfantryPhase03Revision01ReviewBuilder:BuildAndCapture () (at Assets/AegisRTS/Editor/InfantryPhase03Revision01ReviewBuilder.cs:84)

[Assets/AegisRTS/Editor/InfantryPhase03Revision01ReviewBuilder.cs line 84]

RenderTexture.Create failed
UnityEngine.Debug:ExtractStackTraceNoAlloc (byte*,int,string)
UnityEngine.StackTraceUtility:ExtractStackTrace ()
UnityEngine.Rendering.ScriptableRenderContext:Submit ()
UnityEngine.Rendering.Universal.UniversalRenderPipeline:RenderSingleCamera (UnityEngine.Rendering.ScriptableRenderContext,UnityEngine.Rendering.Universal.UniversalCameraData) (at ./Library/PackageCache/com.unity.render-pipelines.universal@73b4c4ff130e/Runtime/UniversalRenderPipeline.cs:1012)
UnityEngine.Rendering.Universal.UniversalRenderPipeline:RenderCameraStack (UnityEngine.Rendering.ScriptableRenderContext,UnityEngine.Camera,bool) (at ./Library/PackageCache/com.unity.render-pipelines.universal@73b4c4ff130e/Runtime/UniversalRenderPipeline.cs:1207)
UnityEngine.Rendering.Universal.UniversalRenderPipeline:Render (UnityEngine.Rendering.ScriptableRenderContext,System.Collections.Generic.List`1<UnityEngine.Camera>) (at ./Library/PackageCache/com.unity.render-pipelines.universal@73b4c4ff130e/Runtime/UniversalRenderPipeline.cs:611)
UnityEngine.Rendering.RenderPipeline:InternalRender (UnityEngine.Rendering.ScriptableRenderContext,System.Collections.Generic.List`1<UnityEngine.Camera>)
UnityEngine.Rendering.RenderPipelineManager:DoRenderLoop_Internal (UnityEngine.Rendering.RenderPipelineAsset,intptr,object,Unity.Collections.LowLevel.Unsafe.AtomicSafetyHandle)
UnityEngine.Camera:Render ()
AegisRTS.Editor.InfantryPhase03Revision01ReviewBuilder:Capture (UnityEngine.Camera,UnityEngine.Vector3,single,single,string) (at Assets/AegisRTS/Editor/InfantryPhase03Revision01ReviewBuilder.cs:188)
AegisRTS.Editor.InfantryPhase03Revision01ReviewBuilder:BuildAndCapture () (at Assets/AegisRTS/Editor/InfantryPhase03Revision01ReviewBuilder.cs:84)

[Assets/AegisRTS/Editor/InfantryPhase03Revision01ReviewBuilder.cs line 84]

RenderTexture.Create failed
UnityEngine.Debug:ExtractStackTraceNoAlloc (byte*,int,string)
UnityEngine.StackTraceUtility:ExtractStackTrace ()
UnityEngine.Rendering.ScriptableRenderContext:Submit ()
UnityEngine.Rendering.Universal.UniversalRenderPipeline:RenderSingleCamera (UnityEngine.Rendering.ScriptableRenderContext,UnityEngine.Rendering.Universal.UniversalCameraData) (at ./Library/PackageCache/com.unity.render-pipelines.universal@73b4c4ff130e/Runtime/UniversalRenderPipeline.cs:1012)
UnityEngine.Rendering.Universal.UniversalRenderPipeline:RenderCameraStack (UnityEngine.Rendering.ScriptableRenderContext,UnityEngine.Camera,bool) (at ./Library/PackageCache/com.unity.render-pipelines.universal@73b4c4ff130e/Runtime/UniversalRenderPipeline.cs:1207)
UnityEngine.Rendering.Universal.UniversalRenderPipeline:Render (UnityEngine.Rendering.ScriptableRenderContext,System.Collections.Generic.List`1<UnityEngine.Camera>) (at ./Library/PackageCache/com.unity.render-pipelines.universal@73b4c4ff130e/Runtime/UniversalRenderPipeline.cs:611)
UnityEngine.Rendering.RenderPipeline:InternalRender (UnityEngine.Rendering.ScriptableRenderContext,System.Collections.Generic.List`1<UnityEngine.Camera>)
UnityEngine.Rendering.RenderPipelineManager:DoRenderLoop_Internal (UnityEngine.Rendering.RenderPipelineAsset,intptr,object,Unity.Collections.LowLevel.Unsafe.AtomicSafetyHandle)
UnityEngine.Camera:Render ()
AegisRTS.Editor.InfantryPhase03Revision01ReviewBuilder:Capture (UnityEngine.Camera,UnityEngine.Vector3,single,single,string) (at Assets/AegisRTS/Editor/InfantryPhase03Revision01ReviewBuilder.cs:188)
AegisRTS.Editor.InfantryPhase03Revision01ReviewBuilder:BuildAndCapture () (at Assets/AegisRTS/Editor/InfantryPhase03Revision01ReviewBuilder.cs:84)

[Assets/AegisRTS/Editor/InfantryPhase03Revision01ReviewBuilder.cs line 84]

DrawOpaqueObjects: Unable to find surface for attachment 0
UnityEngine.Debug:ExtractStackTraceNoAlloc (byte*,int,string)
UnityEngine.StackTraceUtility:ExtractStackTrace ()
UnityEngine.Rendering.ScriptableRenderContext:Submit ()
UnityEngine.Rendering.Universal.UniversalRenderPipeline:RenderSingleCamera (UnityEngine.Rendering.ScriptableRenderContext,UnityEngine.Rendering.Universal.UniversalCameraData) (at ./Library/PackageCache/com.unity.render-pipelines.universal@73b4c4ff130e/Runtime/UniversalRenderPipeline.cs:1012)
UnityEngine.Rendering.Universal.UniversalRenderPipeline:RenderCameraStack (UnityEngine.Rendering.ScriptableRenderContext,UnityEngine.Camera,bool) (at ./Library/PackageCache/com.unity.render-pipelines.universal@73b4c4ff130e/Runtime/UniversalRenderPipeline.cs:1207)
UnityEngine.Rendering.Universal.UniversalRenderPipeline:Render (UnityEngine.Rendering.ScriptableRenderContext,System.Collections.Generic.List`1<UnityEngine.Camera>) (at ./Library/PackageCache/com.unity.render-pipelines.universal@73b4c4ff130e/Runtime/UniversalRenderPipeline.cs:611)
UnityEngine.Rendering.RenderPipeline:InternalRender (UnityEngine.Rendering.ScriptableRenderContext,System.Collections.Generic.List`1<UnityEngine.Camera>)
UnityEngine.Rendering.RenderPipelineManager:DoRenderLoop_Internal (UnityEngine.Rendering.RenderPipelineAsset,intptr,object,Unity.Collections.LowLevel.Unsafe.AtomicSafetyHandle)
UnityEngine.Camera:Render ()
AegisRTS.Editor.InfantryPhase03Revision01ReviewBuilder:Capture (UnityEngine.Camera,UnityEngine.Vector3,single,single,string) (at Assets/AegisRTS/Editor/InfantryPhase03Revision01ReviewBuilder.cs:188)
AegisRTS.Editor.InfantryPhase03Revision01ReviewBuilder:BuildAndCapture () (at Assets/AegisRTS/Editor/InfantryPhase03Revision01ReviewBuilder.cs:84)

[Assets/AegisRTS/Editor/InfantryPhase03Revision01ReviewBuilder.cs line 84]

EndRenderPass: Not inside a Renderpass
UnityEngine.Debug:ExtractStackTraceNoAlloc (byte*,int,string)
UnityEngine.StackTraceUtility:ExtractStackTrace ()
UnityEngine.Rendering.ScriptableRenderContext:Submit ()
UnityEngine.Rendering.Universal.UniversalRenderPipeline:RenderSingleCamera (UnityEngine.Rendering.ScriptableRenderContext,UnityEngine.Rendering.Universal.UniversalCameraData) (at ./Library/PackageCache/com.unity.render-pipelines.universal@73b4c4ff130e/Runtime/UniversalRenderPipeline.cs:1012)
UnityEngine.Rendering.Universal.UniversalRenderPipeline:RenderCameraStack (UnityEngine.Rendering.ScriptableRenderContext,UnityEngine.Camera,bool) (at ./Library/PackageCache/com.unity.render-pipelines.universal@73b4c4ff130e/Runtime/UniversalRenderPipeline.cs:1207)
UnityEngine.Rendering.Universal.UniversalRenderPipeline:Render (UnityEngine.Rendering.ScriptableRenderContext,System.Collections.Generic.List`1<UnityEngine.Camera>) (at ./Library/PackageCache/com.unity.render-pipelines.universal@73b4c4ff130e/Runtime/UniversalRenderPipeline.cs:611)
UnityEngine.Rendering.RenderPipeline:InternalRender (UnityEngine.Rendering.ScriptableRenderContext,System.Collections.Generic.List`1<UnityEngine.Camera>)
UnityEngine.Rendering.RenderPipelineManager:DoRenderLoop_Internal (UnityEngine.Rendering.RenderPipelineAsset,intptr,object,Unity.Collections.LowLevel.Unsafe.AtomicSafetyHandle)
UnityEngine.Camera:Render ()
AegisRTS.Editor.InfantryPhase03Revision01ReviewBuilder:Capture (UnityEngine.Camera,UnityEngine.Vector3,single,single,string) (at Assets/AegisRTS/Editor/InfantryPhase03Revision01ReviewBuilder.cs:188)
AegisRTS.Editor.InfantryPhase03Revision01ReviewBuilder:BuildAndCapture () (at Assets/AegisRTS/Editor/InfantryPhase03Revision01ReviewBuilder.cs:84)

[Assets/AegisRTS/Editor/InfantryPhase03Revision01ReviewBuilder.cs line 84]

RenderTexture.Create failed
UnityEngine.Debug:ExtractStackTraceNoAlloc (byte*,int,string)
UnityEngine.StackTraceUtility:ExtractStackTrace ()
UnityEngine.Rendering.ScriptableRenderContext:Submit ()
UnityEngine.Rendering.Universal.UniversalRenderPipeline:RenderSingleCamera (UnityEngine.Rendering.ScriptableRenderContext,UnityEngine.Rendering.Universal.UniversalCameraData) (at ./Library/PackageCache/com.unity.render-pipelines.universal@73b4c4ff130e/Runtime/UniversalRenderPipeline.cs:1012)
UnityEngine.Rendering.Universal.UniversalRenderPipeline:RenderCameraStack (UnityEngine.Rendering.ScriptableRenderContext,UnityEngine.Camera,bool) (at ./Library/PackageCache/com.unity.render-pipelines.universal@73b4c4ff130e/Runtime/UniversalRenderPipeline.cs:1207)
UnityEngine.Rendering.Universal.UniversalRenderPipeline:Render (UnityEngine.Rendering.ScriptableRenderContext,System.Collections.Generic.List`1<UnityEngine.Camera>) (at ./Library/PackageCache/com.unity.render-pipelines.universal@73b4c4ff130e/Runtime/UniversalRenderPipeline.cs:611)
UnityEngine.Rendering.RenderPipeline:InternalRender (UnityEngine.Rendering.ScriptableRenderContext,System.Collections.Generic.List`1<UnityEngine.Camera>)
UnityEngine.Rendering.RenderPipelineManager:DoRenderLoop_Internal (UnityEngine.Rendering.RenderPipelineAsset,intptr,object,Unity.Collections.LowLevel.Unsafe.AtomicSafetyHandle)
UnityEngine.Camera:Render ()
AegisRTS.Editor.InfantryPhase03Revision01ReviewBuilder:Capture (UnityEngine.Camera,UnityEngine.Vector3,single,single,string) (at Assets/AegisRTS/Editor/InfantryPhase03Revision01ReviewBuilder.cs:188)
AegisRTS.Editor.InfantryPhase03Revision01ReviewBuilder:BuildAndCapture () (at Assets/AegisRTS/Editor/InfantryPhase03Revision01ReviewBuilder.cs:84)

[Assets/AegisRTS/Editor/InfantryPhase03Revision01ReviewBuilder.cs line 84]

RenderTexture.Create failed
UnityEngine.Debug:ExtractStackTraceNoAlloc (byte*,int,string)
UnityEngine.StackTraceUtility:ExtractStackTrace ()
UnityEngine.Rendering.ScriptableRenderContext:Submit ()
UnityEngine.Rendering.Universal.UniversalRenderPipeline:RenderSingleCamera (UnityEngine.Rendering.ScriptableRenderContext,UnityEngine.Rendering.Universal.UniversalCameraData) (at ./Library/PackageCache/com.unity.render-pipelines.universal@73b4c4ff130e/Runtime/UniversalRenderPipeline.cs:1012)
UnityEngine.Rendering.Universal.UniversalRenderPipeline:RenderCameraStack (UnityEngine.Rendering.ScriptableRenderContext,UnityEngine.Camera,bool) (at ./Library/PackageCache/com.unity.render-pipelines.universal@73b4c4ff130e/Runtime/UniversalRenderPipeline.cs:1207)
UnityEngine.Rendering.Universal.UniversalRenderPipeline:Render (UnityEngine.Rendering.ScriptableRenderContext,System.Collections.Generic.List`1<UnityEngine.Camera>) (at ./Library/PackageCache/com.unity.render-pipelines.universal@73b4c4ff130e/Runtime/UniversalRenderPipeline.cs:611)
UnityEngine.Rendering.RenderPipeline:InternalRender (UnityEngine.Rendering.ScriptableRenderContext,System.Collections.Generic.List`1<UnityEngine.Camera>)
UnityEngine.Rendering.RenderPipelineManager:DoRenderLoop_Internal (UnityEngine.Rendering.RenderPipelineAsset,intptr,object,Unity.Collections.LowLevel.Unsafe.AtomicSafetyHandle)
UnityEngine.Camera:Render ()
AegisRTS.Editor.InfantryPhase03Revision01ReviewBuilder:Capture (UnityEngine.Camera,UnityEngine.Vector3,single,single,string) (at Assets/AegisRTS/Editor/InfantryPhase03Revision01ReviewBuilder.cs:188)
AegisRTS.Editor.InfantryPhase03Revision01ReviewBuilder:BuildAndCapture () (at Assets/AegisRTS/Editor/InfantryPhase03Revision01ReviewBuilder.cs:84)

[Assets/AegisRTS/Editor/InfantryPhase03Revision01ReviewBuilder.cs line 84]

RenderTexture.Create failed
UnityEngine.Debug:ExtractStackTraceNoAlloc (byte*,int,string)
UnityEngine.StackTraceUtility:ExtractStackTrace ()
UnityEngine.Rendering.ScriptableRenderContext:Submit ()
UnityEngine.Rendering.Universal.UniversalRenderPipeline:RenderSingleCamera (UnityEngine.Rendering.ScriptableRenderContext,UnityEngine.Rendering.Universal.UniversalCameraData) (at ./Library/PackageCache/com.unity.render-pipelines.universal@73b4c4ff130e/Runtime/UniversalRenderPipeline.cs:1012)
UnityEngine.Rendering.Universal.UniversalRenderPipeline:RenderCameraStack (UnityEngine.Rendering.ScriptableRenderContext,UnityEngine.Camera,bool) (at ./Library/PackageCache/com.unity.render-pipelines.universal@73b4c4ff130e/Runtime/UniversalRenderPipeline.cs:1207)
UnityEngine.Rendering.Universal.UniversalRenderPipeline:Render (UnityEngine.Rendering.ScriptableRenderContext,System.Collections.Generic.List`1<UnityEngine.Camera>) (at ./Library/PackageCache/com.unity.render-pipelines.universal@73b4c4ff130e/Runtime/UniversalRenderPipeline.cs:611)
UnityEngine.Rendering.RenderPipeline:InternalRender (UnityEngine.Rendering.ScriptableRenderContext,System.Collections.Generic.List`1<UnityEngine.Camera>)
UnityEngine.Rendering.RenderPipelineManager:DoRenderLoop_Internal (UnityEngine.Rendering.RenderPipelineAsset,intptr,object,Unity.Collections.LowLevel.Unsafe.AtomicSafetyHandle)
UnityEngine.Camera:Render ()
AegisRTS.Editor.InfantryPhase03Revision01ReviewBuilder:Capture (UnityEngine.Camera,UnityEngine.Vector3,single,single,string) (at Assets/AegisRTS/Editor/InfantryPhase03Revision01ReviewBuilder.cs:188)
AegisRTS.Editor.InfantryPhase03Revision01ReviewBuilder:BuildAndCapture () (at Assets/AegisRTS/Editor/InfantryPhase03Revision01ReviewBuilder.cs:84)

[Assets/AegisRTS/Editor/InfantryPhase03Revision01ReviewBuilder.cs line 84]

DrawTransparentObjects: Unable to find surface for attachment 0
UnityEngine.Debug:ExtractStackTraceNoAlloc (byte*,int,string)
UnityEngine.StackTraceUtility:ExtractStackTrace ()
UnityEngine.Rendering.ScriptableRenderContext:Submit ()
UnityEngine.Rendering.Universal.UniversalRenderPipeline:RenderSingleCamera (UnityEngine.Rendering.ScriptableRenderContext,UnityEngine.Rendering.Universal.UniversalCameraData) (at ./Library/PackageCache/com.unity.render-pipelines.universal@73b4c4ff130e/Runtime/UniversalRenderPipeline.cs:1012)
UnityEngine.Rendering.Universal.UniversalRenderPipeline:RenderCameraStack (UnityEngine.Rendering.ScriptableRenderContext,UnityEngine.Camera,bool) (at ./Library/PackageCache/com.unity.render-pipelines.universal@73b4c4ff130e/Runtime/UniversalRenderPipeline.cs:1207)
UnityEngine.Rendering.Universal.UniversalRenderPipeline:Render (UnityEngine.Rendering.ScriptableRenderContext,System.Collections.Generic.List`1<UnityEngine.Camera>) (at ./Library/PackageCache/com.unity.render-pipelines.universal@73b4c4ff130e/Runtime/UniversalRenderPipeline.cs:611)
UnityEngine.Rendering.RenderPipeline:InternalRender (UnityEngine.Rendering.ScriptableRenderContext,System.Collections.Generic.List`1<UnityEngine.Camera>)
UnityEngine.Rendering.RenderPipelineManager:DoRenderLoop_Internal (UnityEngine.Rendering.RenderPipelineAsset,intptr,object,Unity.Collections.LowLevel.Unsafe.AtomicSafetyHandle)
UnityEngine.Camera:Render ()
AegisRTS.Editor.InfantryPhase03Revision01ReviewBuilder:Capture (UnityEngine.Camera,UnityEngine.Vector3,single,single,string) (at Assets/AegisRTS/Editor/InfantryPhase03Revision01ReviewBuilder.cs:188)
AegisRTS.Editor.InfantryPhase03Revision01ReviewBuilder:BuildAndCapture () (at Assets/AegisRTS/Editor/InfantryPhase03Revision01ReviewBuilder.cs:84)

[Assets/AegisRTS/Editor/InfantryPhase03Revision01ReviewBuilder.cs line 84]

EndRenderPass: Not inside a Renderpass
UnityEngine.Debug:ExtractStackTraceNoAlloc (byte*,int,string)
UnityEngine.StackTraceUtility:ExtractStackTrace ()
UnityEngine.Rendering.ScriptableRenderContext:Submit ()
UnityEngine.Rendering.Universal.UniversalRenderPipeline:RenderSingleCamera (UnityEngine.Rendering.ScriptableRenderContext,UnityEngine.Rendering.Universal.UniversalCameraData) (at ./Library/PackageCache/com.unity.render-pipelines.universal@73b4c4ff130e/Runtime/UniversalRenderPipeline.cs:1012)
UnityEngine.Rendering.Universal.UniversalRenderPipeline:RenderCameraStack (UnityEngine.Rendering.ScriptableRenderContext,UnityEngine.Camera,bool) (at ./Library/PackageCache/com.unity.render-pipelines.universal@73b4c4ff130e/Runtime/UniversalRenderPipeline.cs:1207)
UnityEngine.Rendering.Universal.UniversalRenderPipeline:Render (UnityEngine.Rendering.ScriptableRenderContext,System.Collections.Generic.List`1<UnityEngine.Camera>) (at ./Library/PackageCache/com.unity.render-pipelines.universal@73b4c4ff130e/Runtime/UniversalRenderPipeline.cs:611)
UnityEngine.Rendering.RenderPipeline:InternalRender (UnityEngine.Rendering.ScriptableRenderContext,System.Collections.Generic.List`1<UnityEngine.Camera>)
UnityEngine.Rendering.RenderPipelineManager:DoRenderLoop_Internal (UnityEngine.Rendering.RenderPipelineAsset,intptr,object,Unity.Collections.LowLevel.Unsafe.AtomicSafetyHandle)
UnityEngine.Camera:Render ()
AegisRTS.Editor.InfantryPhase03Revision01ReviewBuilder:Capture (UnityEngine.Camera,UnityEngine.Vector3,single,single,string) (at Assets/AegisRTS/Editor/InfantryPhase03Revision01ReviewBuilder.cs:188)
AegisRTS.Editor.InfantryPhase03Revision01ReviewBuilder:BuildAndCapture () (at Assets/AegisRTS/Editor/InfantryPhase03Revision01ReviewBuilder.cs:84)

[Assets/AegisRTS/Editor/InfantryPhase03Revision01ReviewBuilder.cs line 84]

BlitFinalToBackBuffer: Attachment 0 was created with 1 samples but 4 samples were requested.
UnityEngine.Debug:ExtractStackTraceNoAlloc (byte*,int,string)
UnityEngine.StackTraceUtility:ExtractStackTrace ()
UnityEngine.Rendering.ScriptableRenderContext:Submit ()
UnityEngine.Rendering.Universal.UniversalRenderPipeline:RenderSingleCamera (UnityEngine.Rendering.ScriptableRenderContext,UnityEngine.Rendering.Universal.UniversalCameraData) (at ./Library/PackageCache/com.unity.render-pipelines.universal@73b4c4ff130e/Runtime/UniversalRenderPipeline.cs:1012)
UnityEngine.Rendering.Universal.UniversalRenderPipeline:RenderCameraStack (UnityEngine.Rendering.ScriptableRenderContext,UnityEngine.Camera,bool) (at ./Library/PackageCache/com.unity.render-pipelines.universal@73b4c4ff130e/Runtime/UniversalRenderPipeline.cs:1207)
UnityEngine.Rendering.Universal.UniversalRenderPipeline:Render (UnityEngine.Rendering.ScriptableRenderContext,System.Collections.Generic.List`1<UnityEngine.Camera>) (at ./Library/PackageCache/com.unity.render-pipelines.universal@73b4c4ff130e/Runtime/UniversalRenderPipeline.cs:611)
UnityEngine.Rendering.RenderPipeline:InternalRender (UnityEngine.Rendering.ScriptableRenderContext,System.Collections.Generic.List`1<UnityEngine.Camera>)
UnityEngine.Rendering.RenderPipelineManager:DoRenderLoop_Internal (UnityEngine.Rendering.RenderPipelineAsset,intptr,object,Unity.Collections.LowLevel.Unsafe.AtomicSafetyHandle)
UnityEngine.Camera:Render ()
AegisRTS.Editor.InfantryPhase03Revision01ReviewBuilder:Capture (UnityEngine.Camera,UnityEngine.Vector3,single,single,string) (at Assets/AegisRTS/Editor/InfantryPhase03Revision01ReviewBuilder.cs:188)
AegisRTS.Editor.InfantryPhase03Revision01ReviewBuilder:BuildAndCapture () (at Assets/AegisRTS/Editor/InfantryPhase03Revision01ReviewBuilder.cs:84)

[Assets/AegisRTS/Editor/InfantryPhase03Revision01ReviewBuilder.cs line 84]

EndRenderPass: Not inside a Renderpass
UnityEngine.Debug:ExtractStackTraceNoAlloc (byte*,int,string)
UnityEngine.StackTraceUtility:ExtractStackTrace ()
UnityEngine.Rendering.ScriptableRenderContext:Submit ()
UnityEngine.Rendering.Universal.UniversalRenderPipeline:RenderSingleCamera (UnityEngine.Rendering.ScriptableRenderContext,UnityEngine.Rendering.Universal.UniversalCameraData) (at ./Library/PackageCache/com.unity.render-pipelines.universal@73b4c4ff130e/Runtime/UniversalRenderPipeline.cs:1012)
UnityEngine.Rendering.Universal.UniversalRenderPipeline:RenderCameraStack (UnityEngine.Rendering.ScriptableRenderContext,UnityEngine.Camera,bool) (at ./Library/PackageCache/com.unity.render-pipelines.universal@73b4c4ff130e/Runtime/UniversalRenderPipeline.cs:1207)
UnityEngine.Rendering.Universal.UniversalRenderPipeline:Render (UnityEngine.Rendering.ScriptableRenderContext,System.Collections.Generic.List`1<UnityEngine.Camera>) (at ./Library/PackageCache/com.unity.render-pipelines.universal@73b4c4ff130e/Runtime/UniversalRenderPipeline.cs:611)
UnityEngine.Rendering.RenderPipeline:InternalRender (UnityEngine.Rendering.ScriptableRenderContext,System.Collections.Generic.List`1<UnityEngine.Camera>)
UnityEngine.Rendering.RenderPipelineManager:DoRenderLoop_Internal (UnityEngine.Rendering.RenderPipelineAsset,intptr,object,Unity.Collections.LowLevel.Unsafe.AtomicSafetyHandle)
UnityEngine.Camera:Render ()
AegisRTS.Editor.InfantryPhase03Revision01ReviewBuilder:Capture (UnityEngine.Camera,UnityEngine.Vector3,single,single,string) (at Assets/AegisRTS/Editor/InfantryPhase03Revision01ReviewBuilder.cs:188)
AegisRTS.Editor.InfantryPhase03Revision01ReviewBuilder:BuildAndCapture () (at Assets/AegisRTS/Editor/InfantryPhase03Revision01ReviewBuilder.cs:84)

[Assets/AegisRTS/Editor/InfantryPhase03Revision01ReviewBuilder.cs line 84]

Importing 'GUID: 32bcdc4e7b87ad94a96ff3e039d004ef - Path: Assets/AegisRTS/Review/InfantryPhase03Revision01/MAT_P03R1_Team.mat' with importer (NativeFormatImporter)
Imported 'GUID: 32bcdc4e7b87ad94a96ff3e039d004ef' -> (Import Result ID: 'c6ff737aa36c8ceced73650cd81e35aa') in 0.002 seconds [static dependencies only]. Details - ImportResultOutputID=7b159908765f4e0cbd4ebd1a68b582fd DependenciesID=292ac118180877d817e3658c869e19c7 StaticDependenciesID=3530dbddc5b3972f09dba868cb80bc63 
Importing 'GUID: d2743179fd946e3478b1495bc2780c77 - Path: Assets/AegisRTS/Review/InfantryPhase03Revision01/MAT_P03R1_Leather.mat' with importer (NativeFormatImporter)
Imported 'GUID: d2743179fd946e3478b1495bc2780c77' -> (Import Result ID: 'b37d36bc6b29531543a698c60a4fb7ab') in 0.001 seconds [static dependencies only]. Details - ImportResultOutputID=b4f58ff88a8c2f5f24e95014a48265a8 DependenciesID=b247aaea0b280d24231b6d1094fcecce StaticDependenciesID=47e33c13995f5708a1d8f091e184b4c9 
Importing 'GUID: 9395bceedef78ee449280ae7df75b883 - Path: Assets/AegisRTS/Review/InfantryPhase03Revision01/MAT_P03R1_Clay.mat' with importer (NativeFormatImporter)
Imported 'GUID: 9395bceedef78ee449280ae7df75b883' -> (Import Result ID: 'be4e2118f6f350640bdb12fa4bbcefb4') in 0.001 seconds [static dependencies only]. Details - ImportResultOutputID=d99cb54e750b3693953d19e01b4224de DependenciesID=aad10ee733cb470b4e4695a4bd35d4fb StaticDependenciesID=25f57a3413cff2a1a29ea0751e8a1745 
Importing 'GUID: 34a3cbcc4a6776d40a391fec5aaf76a4 - Path: Assets/AegisRTS/Review/InfantryPhase03Revision01/MAT_P03R1_Wood.mat' with importer (NativeFormatImporter)
Imported 'GUID: 34a3cbcc4a6776d40a391fec5aaf76a4' -> (Import Result ID: 'bff4d3d2f2ec82b4b913b8f5f0137ef6') in 0.002 seconds [static dependencies only]. Details - ImportResultOutputID=a0edaac7a80ff73e49f47e4bbc880f29 DependenciesID=25c9781adb48f5d447075705a60ba33d StaticDependenciesID=ed5b1a1a296db846a6d4f150ed268d64 
Importing 'GUID: 392bc098974827a438a169bd51e37687 - Path: Assets/AegisRTS/Review/InfantryPhase03Revision01/MAT_P03R1_Cloth.mat' with importer (NativeFormatImporter)
Imported 'GUID: 392bc098974827a438a169bd51e37687' -> (Import Result ID: '68bd6daf89f56936c2789a0febc804a4') in 0.001 seconds [static dependencies only]. Details - ImportResultOutputID=2f1e1383b0835ace11e71d0b2c0205b0 DependenciesID=5879d015aa912bd02ef36ef773c10473 StaticDependenciesID=637585f2d1f11ac3fd7562a61f0ba078 
Importing 'GUID: 8b10a307bedfeb542b9d28991cf9fa84 - Path: Assets/AegisRTS/Review/InfantryPhase03Revision01/MAT_P03R1_Ground.mat' with importer (NativeFormatImporter)
Imported 'GUID: 8b10a307bedfeb542b9d28991cf9fa84' -> (Import Result ID: '008383ce1f62137d00ff38c8524f941e') in 0.001 seconds [static dependencies only]. Details - ImportResultOutputID=7433e5ba61938296426f761a95f16faa DependenciesID=3546368a2a35c57454eddc13fb6f325d StaticDependenciesID=c90d46b188ffc3a98726c5b851f7d539 
Importing 'GUID: dd615c0d91932b44cbb9872e6867153e - Path: Assets/AegisRTS/Review/InfantryPhase03Revision01/MAT_P03R1_Metal.mat' with importer (NativeFormatImporter)
Imported 'GUID: dd615c0d91932b44cbb9872e6867153e' -> (Import Result ID: 'eaf2bd26cc03b284db34da7692b4d989') in 0.002 seconds [static dependencies only]. Details - ImportResultOutputID=d0c30013c3c5681ed4abb929b0d89f92 DependenciesID=3d08cffba55fe91ddd97f7f62bcf9f53 StaticDependenciesID=a2cff8f61465498de5a1928a6373b4f9 
Importing 'GUID: 7e7cb69081decc5449cb710df2290991 - Path: Assets/AegisRTS/Review/InfantryPhase03Revision01/MAT_P03R1_Skin.mat' with importer (NativeFormatImporter)
Imported 'GUID: 7e7cb69081decc5449cb710df2290991' -> (Import Result ID: 'f276b686382d4866c12c3814f9860e73') in 0.001 seconds [static dependencies only]. Details - ImportResultOutputID=38d4d36588bbc0a288f4862fa1d491ce DependenciesID=14fea90d8a145111d8eab41aabee4d70 StaticDependenciesID=0a9157db9280c1c9f4580d3e3e44eaa9 
Refreshing native plugins compatible for Editor in 3.49 ms, found 4 plugins.
Asset Pipeline Refresh (id=f7471e0f666bdd94c83b1a0df6d8067c): Total: 0.169 seconds - Initiated by StopAssetImportingV2(NoUpdateAssetOptions)
Importing 'GUID: 782b2136e9d2a22419844e8fccd8a881 - Path: Assets/AegisRTS/Review/InfantryPhase03Revision01/SCN_Infantry_P03R1_Review.unity' with importer (DefaultImporter)
Imported 'GUID: 782b2136e9d2a22419844e8fccd8a881' -> (Import Result ID: '7539e59b13da6e7595064270d9fa23bf') in 0.001 seconds [static dependencies only]. Details - ImportResultOutputID=be6f7888342dfa9a4d70408cfc44e5c5 DependenciesID=7fd12325855d6594f623c859e3e3886f StaticDependenciesID=8ec75cfdd74e03aaa564198b42eabdbb 
Refreshing native plugins compatible for Editor in 3.68 ms, found 4 plugins.
Asset Pipeline Refresh (id=0c34bca950cfc8a459da1828ad4a9d6e): Total: 0.131 seconds - Initiated by StopAssetImportingV2(NoUpdateAssetOptions)
[P03R1 Review] READY: height=1.824011, renderers=98, scene=Assets/AegisRTS/Review/InfantryPhase03Revision01/SCN_Infantry_P03R1_Review.unity, captures=4.
UnityEngine.Debug:ExtractStackTraceNoAlloc (byte*,int,string)
UnityEngine.StackTraceUtility:ExtractStackTrace ()
UnityEngine.DebugLogHandler:Internal_Log (UnityEngine.LogType,UnityEngine.LogOption,string,UnityEngine.Object)
UnityEngine.DebugLogHandler:LogFormat (UnityEngine.LogType,UnityEngine.Object,string,object[])
UnityEngine.Logger:Log (UnityEngine.LogType,object)
UnityEngine.Debug:Log (object)
AegisRTS.Editor.InfantryPhase03Revision01ReviewBuilder:BuildAndCapture () (at Assets/AegisRTS/Editor/InfantryPhase03Revision01ReviewBuilder.cs:107)

(Filename: Assets/AegisRTS/Editor/InfantryPhase03Revision01ReviewBuilder.cs Line: 107)

Batchmode quit successfully invoked - shutting down!
[Physics::Module] Cleanup current backend.
[Physics::Module] Id: 0xf2b8ea05
Input System module state changed to: ShutdownInProgress.
Input Polling Thread exited.
Input System module state changed to: Shutdown.
[Licensing::IpcConnector] LicenseClient-吳柏逸(BobWu)TWTAI-notifications channel disconnected successfully.
[Licensing::IpcConnector] LicenseClient-吳柏逸(BobWu)TWTAI channel disconnected successfully.
AcceleratorClientConnectionCallback - disconnected - :0
Cleanup mono
CodeReloadManager destroyed
Exiting batchmode successfully now!
Exiting without the bug reporter. Application will terminate with return code 0